# Date,WindS,WindDir,RelHum,AirT,SWglobal,Iprec
18/06/2009 13:00,3.336,122.159,51.480,17.96,977.41000,0.000
18/06/2009 14:00,1.730,94.165,52.468,17.64,572.35700,0.000
18/06/2009 15:00,0.084,158.670,59.981,16.11,147.20000,0.000
18/06/2009 16:00,0.000,193.368,62.744,15.09,69.84030,0.000
18/06/2009 17:00,0.919,204.511,73.466,13.36,33.39670,0.000
18/06/2009 18:00,0.888,210.687,85.263,12.24,5.08970,0.000
18/06/2009 19:00,0.500,209.495,85.595,11.89,0.43868,0.000
18/06/2009 20:00,2.327,193.500,84.955,11.36,0.00000,0.254
18/06/2009 21:00,3.621,211.137,78.962,10.94,1.19341,0.000
18/06/2009 22:00,4.593,238.148,74.577,11.49,0.00000,0.000
18/06/2009 23:00,4.560,203.214,77.063,11.55,0.00000,0.508
19/06/2009 00:00,4.677,211.593,80.881,15.60,0.87737,0.508
19/06/2009 01:00,5.138,210.588,80.843,16.08,0.81605,0.000
19/06/2009 02:00,4.457,233.088,81.687,10.34,0.00000,0.254
19/06/2009 03:00,0.352,268.247,83.078,9.37,15.50000,0.000
19/06/2009 04:00,1.308,164.852,80.011,10.66,135.14650,0.000
19/06/2009 05:00,0.872,32.286,82.951,11.67,164.16300,0.000
19/06/2009 06:00,1.134,74.709,80.454,11.44,461.92060,0.000
19/06/2009 07:00,2.367,54.060,79.162,12.57,454.75100,0.000
19/06/2009 08:00,1.525,225.363,86.291,11.78,625.95500,0.508
19/06/2009 09:00,2.598,81.000,85.570,13.68,861.14000,0.000
19/06/2009 10:00,1.827,71.071,84.549,12.90,289.57900,1.016
19/06/2009 11:00,0.771,122.698,89.082,10.44,92.21800,1.778
19/06/2009 12:00,1.344,200.709,89.398,14.70,130.51930,1.270
19/06/2009 13:00,1.187,133.225,91.608,15.14,159.90700,0.000
19/06/2009 14:00,1.079,42.418,95.531,9.56,120.31200,0.762
19/06/2009 15:00,0.134,91.126,96.585,9.20,76.44400,1.270
19/06/2009 16:00,0.701,118.676,97.994,8.48,19.02390,4.826
19/06/2009 17:00,1.727,60.808,99.364,6.51,4.14156,3.810
19/06/2009 18:00,1.310,59.313,99.960,4.80,0.81605,5.080
19/06/2009 19:00,0.536,78.198,99.811,3.93,0.50000,0.762
19/06/2009 20:00,0.534,135.291,99.811,3.52,0.00000,1.016
19/06/2009 21:00,0.821,123.973,99.811,3.46,0.00000,0.508
19/06/2009 22:00,0.419,68.709,99.811,3.46,0.43868,0.254
19/06/2009 23:00,0.000,157.665,99.811,3.08,0.00000,0.000
20/06/2009 00:00,1.056,119.797,89.311,2.96,0.00000,0.000
20/06/2009 01:00,0.469,91.824,70.087,2.69,0.00000,0.000
20/06/2009 02:00,0.584,158.236,61.900,2.38,0.43868,0.000
20/06/2009 03:00,0.939,184.275,63.349,2.01,2.50000,0.000
20/06/2009 04:00,0.000,128.956,63.914,1.58,33.14156,0.000
20/06/2009 05:00,0.000,114.390,64.594,1.92,77.33540,0.000
20/06/2009 06:00,0.017,109.973,64.631,1.98,215.08110,0.000
20/06/2009 07:00,1.355,64.517,64.654,3.76,751.01500,0.000
20/06/2009 08:00,2.350,14.819,64.360,5.54,894.86600,0.000
20/06/2009 09:00,3.101,50.632,74.736,6.71,1020.20600,0.000
20/06/2009 10:00,1.780,122.170,86.061,7.15,1147.94000,0.000
20/06/2009 11:00,0.956,108.555,83.045,7.12,776.49800,0.000
20/06/2009 12:00,1.509,77.082,80.024,7.52,833.20000,0.000
20/06/2009 13:00,1.241,150.720,81.627,6.51,389.56900,0.000
20/06/2009 14:00,1.394,144.967,88.150,5.34,306.47500,0.000
20/06/2009 15:00,0.469,103.791,92.507,3.92,119.56800,0.000
20/06/2009 16:00,0.821,135.599,93.853,2.50,39.45310,0.762
20/06/2009 17:00,1.869,180.286,93.938,1.84,44.52880,1.524
20/06/2009 18:00,2.914,101.110,93.105,1.60,22.21730,0.254
20/06/2009 19:00,3.607,67.698,93.966,1.18,5.15103,0.254
20/06/2009 20:00,2.515,93.110,94.816,0.72,0.00000,0.000
20/06/2009 21:00,2.425,201.890,96.447,-0.04,2.19341,0.000
20/06/2009 22:00,1.623,179.995,97.498,-0.04,0.43868,0.000
20/06/2009 23:00,2.118,176.275,98.916,-0.10,0.00000,0.000
21/06/2009 00:00,0.805,119.060,99.984,-0.18,0.00000,0.000
21/06/2009 01:00,0.992,269.791,99.793,-0.42,0.00000,0.000
21/06/2009 02:00,0.402,179.093,99.791,-0.38,0.00000,0.000
21/06/2009 03:00,1.039,138.791,99.791,-0.40,3.93868,0.000
21/06/2009 04:00,0.721,70.374,99.791,-0.48,21.84440,0.000
21/06/2009 05:00,0.751,92.165,99.791,-0.41,36.59460,0.254
21/06/2009 06:00,2.375,37.412,99.791,0.18,129.33990,0.508
21/06/2009 07:00,2.498,75.033,99.791,0.98,295.39400,0.254
21/06/2009 08:00,3.367,43.154,96.791,2.76,283.99300,0.000
21/06/2009 09:00,3.520,68.720,85.451,5.07,1041.36000,0.000
21/06/2009 10:00,2.232,128.995,76.112,7.04,1108.74000,0.000
21/06/2009 11:00,1.643,104.973,72.689,8.16,1208.66000,0.000
21/06/2009 12:00,0.386,146.758,73.800,7.30,847.88000,0.000
21/06/2009 13:00,0.805,108.648,79.157,4.96,315.20200,0.000
21/06/2009 14:00,1.911,72.808,82.353,4.02,212.25700,0.000
21/06/2009 15:00,1.956,89.709,84.214,3.82,200.11500,0.000
21/06/2009 16:00,1.106,111.099,86.665,2.97,166.20900,0.000
21/06/2009 17:00,0.335,77.341,86.876,2.34,77.56700,0.000
21/06/2009 18:00,0.872,135.654,88.627,1.62,22.79750,0.000
21/06/2009 19:00,0.972,138.703,92.109,0.67,2.00946,0.000
21/06/2009 20:00,0.419,83.912,93.585,0.50,0.00000,0.000
21/06/2009 21:00,0.419,82.429,94.865,0.21,0.81605,0.000
21/06/2009 22:00,0.754,192.016,95.594,-0.06,0.43868,0.000
21/06/2009 23:00,1.190,109.989,96.217,-0.46,0.00000,0.000
22/06/2009 00:00,0.017,138.643,96.508,-0.30,0.87737,0.000
22/06/2009 01:00,0.500,200.511,94.971,-0.30,0.43868,0.000
22/06/2009 02:00,0.888,110.538,93.845,-0.27,0.00000,0.000
22/06/2009 03:00,0.738,122.698,95.040,-0.46,6.43868,0.000
22/06/2009 04:00,0.335,60.835,96.854,-0.28,29.40580,0.000
22/06/2009 05:00,1.207,86.159,98.510,-0.09,53.24570,0.000
22/06/2009 06:00,0.751,158.791,99.144,0.27,196.76010,0.000
22/06/2009 07:00,1.693,180.874,94.183,0.40,397.25800,0.000
22/06/2009 08:00,2.196,206.203,86.490,3.34,695.80500,0.000
22/06/2009 09:00,1.908,90.093,74.811,6.10,954.38500,0.000
22/06/2009 10:00,2.531,39.742,66.675,6.34,1074.75000,0.000
22/06/2009 11:00,3.702,71.363,61.200,6.38,1084.05000,0.000
22/06/2009 12:00,4.476,201.341,63.941,5.78,1071.31000,0.000
22/06/2009 13:00,3.504,97.731,61.349,5.37,861.97000,0.000
22/06/2009 14:00,4.646,143.973,62.210,3.60,281.96600,0.000
22/06/2009 15:00,2.146,130.385,66.324,2.50,107.66200,0.000
22/06/2009 16:00,2.266,138.731,69.435,2.24,56.78350,0.000
22/06/2009 17:00,0.989,190.857,78.403,1.32,45.50990,0.000
22/06/2009 18:00,1.073,178.016,83.669,-0.18,19.09460,0.000
22/06/2009 19:00,1.017,178.945,88.334,-0.99,1.63210,0.000
22/06/2009 20:00,1.498,142.291,92.102,-1.48,0.00000,0.000
22/06/2009 21:00,0.184,108.341,94.362,-1.68,0.00000,0.000
22/06/2009 22:00,0.067,240.478,92.512,-1.92,0.00000,0.000
22/06/2009 23:00,0.972,178.742,91.493,-1.84,0.43868,0.000
23/06/2009 00:00,0.402,320.313,93.642,-1.88,0.00000,0.000
23/06/2009 01:00,0.000,179.687,95.372,-2.31,0.50000,0.000
23/06/2009 02:00,0.101,121.143,95.523,-2.22,0.00000,0.000
23/06/2009 03:00,0.251,120.588,94.261,-2.32,5.50000,0.000
23/06/2009 04:00,0.536,197.187,92.777,-1.36,87.28310,0.000
23/06/2009 05:00,0.000,163.456,89.604,0.45,207.54900,0.000
23/06/2009 06:00,1.103,78.154,88.741,1.26,211.94500,0.000
23/06/2009 07:00,1.861,42.517,89.745,1.20,186.81800,0.000
23/06/2009 08:00,2.347,55.214,87.071,2.98,427.33200,0.000
23/06/2009 09:00,2.713,40.099,82.127,5.30,1006.31000,0.000
23/06/2009 10:00,3.302,95.747,77.008,6.34,574.45800,0.000
23/06/2009 11:00,2.909,115.550,77.766,5.55,424.67500,0.000
23/06/2009 12:00,1.439,120.319,78.973,5.44,283.04500,0.000
23/06/2009 13:00,1.478,240.231,80.293,5.50,411.91800,0.000
23/06/2009 14:00,0.584,157.324,77.883,6.49,602.84800,0.000
23/06/2009 15:00,1.190,169.852,79.434,6.49,237.14400,0.000
23/06/2009 16:00,0.587,150.082,85.499,5.00,169.87900,0.000
23/06/2009 17:00,0.218,91.665,90.941,4.01,62.10900,0.000
23/06/2009 18:00,0.117,60.632,92.924,3.38,6.66050,0.000
23/06/2009 19:00,0.017,120.308,94.504,2.74,0.00000,0.000
23/06/2009 20:00,0.536,213.951,93.074,2.32,0.00000,0.000
23/06/2009 21:00,0.469,258.154,89.590,2.82,0.87737,0.000
23/06/2009 22:00,0.000,275.418,87.975,3.08,0.00000,0.000
23/06/2009 23:00,0.821,219.824,88.432,3.01,0.00000,0.000
24/06/2009 00:00,0.386,218.500,86.823,3.53,0.00000,0.000
24/06/2009 01:00,0.805,244.005,84.477,3.50,1.25473,0.000
24/06/2009 02:00,0.704,232.027,78.399,4.52,2.00000,0.000
24/06/2009 03:00,0.654,229.500,76.566,4.54,7.00000,0.000
24/06/2009 04:00,0.184,201.604,71.696,6.86,90.35390,0.000
24/06/2009 05:00,0.453,112.775,67.025,9.34,288.96400,0.000
24/06/2009 06:00,1.408,60.560,64.612,10.94,491.23000,0.000
24/06/2009 07:00,2.028,75.297,63.386,11.44,651.42000,0.000
24/06/2009 08:00,2.615,52.907,56.792,12.65,666.38100,0.000
24/06/2009 09:00,2.163,97.220,54.213,13.97,906.16800,0.000
24/06/2009 10:00,1.894,83.835,55.129,14.61,983.22500,0.000
24/06/2009 11:00,2.280,41.687,53.447,14.66,995.83000,0.000
24/06/2009 12:00,1.934,64.511,52.729,14.90,938.80100,0.000
24/06/2009 13:00,0.721,78.885,58.778,14.54,838.98900,0.000
24/06/2009 14:00,1.241,132.225,66.082,13.20,749.54500,0.000
24/06/2009 15:00,0.587,141.527,74.378,11.81,411.49700,0.000
24/06/2009 16:00,0.785,249.808,78.957,10.71,127.38300,0.000
24/06/2009 17:00,0.824,45.786,81.606,10.30,113.38800,0.000
24/06/2009 18:00,0.469,197.082,84.847,9.30,42.58560,0.000
24/06/2009 19:00,0.034,205.022,87.702,8.66,4.39630,0.000
24/06/2009 20:00,0.050,208.703,88.292,8.70,0.00000,0.000
24/06/2009 21:00,0.919,213.000,84.216,8.52,0.00000,0.000
24/06/2009 22:00,1.391,238.203,79.798,8.72,0.43868,0.000
24/06/2009 23:00,0.671,240.225,80.738,8.60,0.43868,0.000
25/06/2009 00:00,0.520,221.703,78.696,8.25,0.00000,0.000
25/06/2009 01:00,0.821,219.577,79.681,8.07,0.00000,0.000
25/06/2009 02:00,1.140,241.516,82.220,7.38,0.00000,0.000
25/06/2009 03:00,0.034,238.593,84.077,7.11,12.93868,0.000
25/06/2009 04:00,0.000,238.945,78.815,8.89,124.25970,0.000
25/06/2009 05:00,0.352,127.066,78.015,10.32,330.10600,0.000
25/06/2009 06:00,1.489,53.176,76.736,10.89,437.54200,0.000
25/06/2009 07:00,1.827,36.769,72.848,12.22,668.19300,0.000
25/06/2009 08:00,2.632,68.302,67.849,13.80,809.41300,0.000
25/06/2009 09:00,3.724,42.989,63.665,14.27,750.00400,0.000
25/06/2009 10:00,1.844,125.775,65.230,15.13,864.01800,0.000
25/06/2009 11:00,2.397,31.017,61.949,14.55,884.96800,0.000
25/06/2009 12:00,1.609,120.154,60.361,14.96,1086.04000,0.000
25/06/2009 13:00,0.989,74.154,61.743,14.62,626.02400,0.000
25/06/2009 14:00,0.168,129.297,67.857,13.29,546.69500,0.000
25/06/2009 15:00,0.285,164.797,73.417,12.66,233.73900,0.000
25/06/2009 16:00,1.056,147.495,81.043,11.29,102.89800,0.000
25/06/2009 17:00,0.000,108.038,88.098,9.94,75.78350,0.762
25/06/2009 18:00,0.352,100.819,92.315,8.90,43.79790,0.000
25/06/2009 19:00,0.000,273.082,91.020,8.30,0.00000,0.000
25/06/2009 20:00,0.235,294.148,90.368,8.11,0.00000,0.000
25/06/2009 21:00,0.000,246.808,93.513,7.35,0.43868,0.000
25/06/2009 22:00,0.285,240.703,93.026,7.27,0.00000,0.000
25/06/2009 23:00,0.067,229.758,90.599,7.23,0.00000,0.000
26/06/2009 00:00,0.741,217.440,90.802,7.02,0.00000,0.000
26/06/2009 01:00,1.067,144.808,92.915,6.94,0.00000,0.000
26/06/2009 02:00,1.732,124.017,95.516,6.37,0.00000,0.000
26/06/2009 03:00,0.000,208.099,94.272,5.78,10.50000,0.000
26/06/2009 04:00,0.821,219.604,89.438,6.82,48.37280,0.000
26/06/2009 05:00,0.000,190.253,87.020,7.36,117.02430,0.000
26/06/2009 06:00,0.017,107.082,88.080,8.32,230.10100,0.000
26/06/2009 07:00,0.570,49.934,88.785,8.89,246.59700,0.000
26/06/2009 08:00,0.821,54.918,88.677,9.20,281.69500,0.000
26/06/2009 09:00,1.576,72.187,80.945,11.32,725.97500,0.000
26/06/2009 10:00,1.827,85.747,77.434,12.73,738.82000,0.000
26/06/2009 11:00,0.939,120.973,76.925,12.72,879.76900,0.000
26/06/2009 12:00,0.637,154.879,71.809,13.05,719.21000,0.000
26/06/2009 13:00,1.576,88.879,73.650,11.10,468.89800,0.000
26/06/2009 14:00,2.182,142.560,78.656,10.28,562.52000,0.254
26/06/2009 15:00,0.888,174.945,86.493,7.83,119.14200,0.000
26/06/2009 16:00,0.000,135.242,81.869,8.49,162.13400,0.000
26/06/2009 17:00,0.587,129.088,85.873,8.52,73.99200,0.000
26/06/2009 18:00,1.489,293.264,91.655,6.92,7.91520,1.524
26/06/2009 19:00,1.903,144.302,92.096,5.86,0.43868,8.636
26/06/2009 20:00,0.000,128.495,95.961,5.24,0.00000,0.254
26/06/2009 21:00,0.000,162.615,97.232,4.69,0.00000,0.000
26/06/2009 22:00,0.000,195.511,91.974,4.06,0.00000,0.000
26/06/2009 23:00,0.017,202.022,86.981,4.92,0.00000,0.000
27/06/2009 00:00,0.050,202.022,88.312,4.50,0.00000,0.000
27/06/2009 01:00,0.000,194.022,89.810,4.50,0.00000,0.000
27/06/2009 02:00,0.000,165.643,90.909,4.21,0.00000,0.000
27/06/2009 03:00,0.000,164.907,92.812,4.12,6.00000,0.000
27/06/2009 04:00,0.017,140.643,94.338,4.16,28.22180,0.000
27/06/2009 05:00,0.486,88.066,95.827,4.48,72.42960,0.000
27/06/2009 06:00,1.458,53.049,96.484,5.44,171.45800,0.000
27/06/2009 07:00,2.213,59.868,96.050,6.00,233.36000,0.000
27/06/2009 08:00,1.243,53.132,94.580,6.72,265.02100,0.000
27/06/2009 09:00,1.693,61.028,90.753,8.31,511.11600,0.000
27/06/2009 10:00,1.850,94.885,84.131,10.32,958.34000,0.000
27/06/2009 11:00,0.788,159.665,79.748,11.58,933.09000,0.000
27/06/2009 12:00,1.090,154.940,75.807,12.72,1026.71000,0.000
27/06/2009 13:00,0.821,123.989,73.747,12.98,1014.05600,0.000
27/06/2009 14:00,0.402,151.802,75.691,11.81,681.88300,0.000
27/06/2009 15:00,0.319,132.319,79.980,11.04,507.42200,0.000
27/06/2009 16:00,0.838,138.835,85.967,10.01,245.65300,0.000
27/06/2009 17:00,0.050,176.670,91.790,8.58,123.41200,0.000
27/06/2009 18:00,0.754,131.385,96.122,7.54,12.81150,0.000
27/06/2009 19:00,0.503,65.632,95.874,6.93,1.63210,0.000
27/06/2009 20:00,0.671,176.879,93.854,6.68,0.00000,0.000
27/06/2009 21:00,0.942,211.154,91.470,6.52,0.00000,0.000
27/06/2009 22:00,0.000,216.379,91.771,6.08,0.43868,0.000
27/06/2009 23:00,0.017,220.000,92.574,5.88,0.00000,0.000
28/06/2009 00:00,0.000,232.615,89.443,6.10,0.00000,0.000
28/06/2009 01:00,0.453,249.467,85.751,7.00,0.00000,0.000
28/06/2009 02:00,0.536,243.082,86.210,6.65,0.00000,0.000
28/06/2009 03:00,0.067,219.044,88.167,6.08,11.00000,0.000
28/06/2009 04:00,0.067,184.610,87.394,7.40,108.75020,0.254
28/06/2009 05:00,1.140,104.885,84.611,9.36,283.58200,0.000
28/06/2009 06:00,1.794,114.901,81.979,10.89,470.13500,0.000
28/06/2009 07:00,2.397,85.885,74.473,12.54,644.64600,0.000
28/06/2009 08:00,2.012,43.165,72.542,13.89,779.10100,0.000
28/06/2009 09:00,2.786,40.379,73.482,13.58,911.38500,0.000
28/06/2009 10:00,3.168,21.879,66.258,15.22,1011.51800,0.000
28/06/2009 11:00,2.548,72.489,63.242,16.20,1049.46000,0.000
28/06/2009 12:00,2.470,70.467,65.778,16.02,1028.72000,0.000
28/06/2009 13:00,1.777,125.786,66.273,16.02,939.82000,0.000
28/06/2009 14:00,0.704,101.736,70.373,15.70,835.49800,0.000
28/06/2009 15:00,0.704,153.484,74.228,14.11,439.91700,0.000
28/06/2009 16:00,0.352,144.802,79.744,12.20,73.28400,0.000
28/06/2009 17:00,0.017,156.808,84.126,10.70,26.28810,0.000
28/06/2009 18:00,0.084,159.159,86.465,9.78,8.47650,0.000
28/06/2009 19:00,0.134,204.731,88.243,9.38,1.19341,0.000
28/06/2009 20:00,0.168,209.736,90.744,8.82,0.43868,0.000
28/06/2009 21:00,1.106,235.984,91.478,8.78,0.00000,0.000
28/06/2009 22:00,0.654,234.374,89.809,8.46,0.00000,0.000
28/06/2009 23:00,0.235,233.577,88.987,8.98,0.00000,0.000
29/06/2009 00:00,0.000,229.209,87.370,8.92,0.00000,0.000
29/06/2009 01:00,0.788,249.786,86.323,8.79,0.00000,0.000
29/06/2009 02:00,1.241,254.610,87.540,8.74,0.00000,0.000
29/06/2009 03:00,0.855,236.835,89.155,8.19,5.93868,0.000
29/06/2009 04:00,0.000,160.890,87.608,9.70,104.72180,0.000
29/06/2009 05:00,1.204,61.456,82.350,11.60,288.77500,0.000
29/06/2009 06:00,1.760,59.379,79.113,12.46,470.16400,0.000
29/06/2009 07:00,2.196,38.643,78.139,13.88,642.87300,0.000
29/06/2009 08:00,3.017,54.055,73.773,14.68,794.79400,0.000
29/06/2009 09:00,3.040,45.165,65.663,15.48,913.20600,0.000
29/06/2009 10:00,3.135,83.940,61.871,16.61,992.96100,0.000
29/06/2009 11:00,2.095,140.467,58.029,17.62,1015.40000,0.000
29/06/2009 12:00,1.629,174.236,59.492,17.20,969.83000,0.000
29/06/2009 13:00,0.386,132.709,63.316,17.08,936.64000,0.000
29/06/2009 14:00,1.746,109.929,65.972,15.68,773.18800,0.000
29/06/2009 15:00,0.651,113.555,72.304,14.15,466.95100,0.000
29/06/2009 16:00,1.274,101.885,76.306,12.40,97.75060,0.000
29/06/2009 17:00,0.520,144.286,81.581,11.67,77.27900,0.000
29/06/2009 18:00,1.391,137.824,89.945,10.97,15.51440,0.000
29/06/2009 19:00,0.101,173.659,93.848,10.14,1.25473,0.000
29/06/2009 20:00,0.000,191.066,94.594,10.02,0.00000,0.000
29/06/2009 21:00,0.754,215.676,91.893,9.68,0.00000,0.000
29/06/2009 22:00,0.690,201.593,89.715,9.74,0.43868,0.000
29/06/2009 23:00,0.017,196.396,91.699,9.46,0.00000,0.000
30/06/2009 00:00,0.034,247.451,91.627,9.02,0.00000,0.000
30/06/2009 01:00,0.500,276.670,91.317,9.58,0.00000,0.000
30/06/2009 02:00,0.369,251.621,93.062,9.20,0.00000,0.000
30/06/2009 03:00,0.000,238.736,93.928,8.88,7.43868,0.000
30/06/2009 04:00,0.000,197.896,89.517,10.06,99.53790,0.000
30/06/2009 05:00,0.517,144.560,85.641,11.73,287.25600,0.000
30/06/2009 06:00,1.911,77.550,82.689,13.10,476.80500,0.000
30/06/2009 07:00,2.297,48.225,80.563,14.43,653.40100,0.000
30/06/2009 08:00,3.252,36.077,68.736,14.92,812.13900,0.000
30/06/2009 09:00,1.861,24.341,66.616,16.12,741.71500,0.000
30/06/2009 10:00,2.297,68.440,58.049,17.00,897.02700,0.000
30/06/2009 11:00,1.593,81.758,54.244,17.76,784.51800,0.000
30/06/2009 12:00,1.230,93.484,58.539,16.40,568.12100,0.000
30/06/2009 13:00,0.067,140.445,64.968,22.99,476.01100,0.000
30/06/2009 14:00,0.936,62.989,79.035,22.02,370.36300,0.000
30/06/2009 15:00,0.520,82.225,86.967,11.94,197.37900,0.000
30/06/2009 16:00,0.436,133.890,85.287,12.10,137.68100,0.000
30/06/2009 17:00,0.034,201.566,88.610,11.62,64.74110,0.000
30/06/2009 18:00,0.034,218.126,89.940,10.86,31.66090,0.000
30/06/2009 19:00,0.838,223.621,89.880,9.91,2.63210,0.000
30/06/2009 20:00,0.486,225.027,88.948,9.50,0.00000,0.000
30/06/2009 21:00,0.707,210.060,90.036,9.62,0.43868,0.000
30/06/2009 22:00,0.986,194.956,88.854,9.23,0.87737,0.000
30/06/2009 23:00,1.442,212.725,87.499,9.89,0.00000,0.000
01/07/2009 00:00,0.168,235.973,88.969,9.26,0.87737,0.000
01/07/2009 01:00,0.017,250.940,89.192,9.26,0.00000,0.000
01/07/2009 02:00,0.151,275.566,90.000,9.22,0.00000,0.000
01/07/2009 03:00,0.000,265.022,90.086,9.04,10.50000,0.254
01/07/2009 04:00,0.184,222.319,87.040,9.25,90.99550,0.000
01/07/2009 05:00,0.768,169.516,83.328,11.18,273.87000,0.000
01/07/2009 06:00,2.115,77.610,80.895,12.78,458.61600,0.000
01/07/2009 07:00,2.079,33.445,74.529,14.10,632.35400,0.000
01/07/2009 08:00,3.001,39.203,67.189,15.45,655.29900,0.000
01/07/2009 09:00,2.213,86.423,64.285,16.08,907.63900,0.000
01/07/2009 10:00,3.017,65.731,59.084,16.97,833.05400,0.000
01/07/2009 11:00,2.196,42.615,57.191,17.77,759.56100,0.000
01/07/2009 12:00,2.481,121.841,57.701,16.67,655.79200,0.000
01/07/2009 13:00,1.917,132.797,64.325,15.93,452.45600,0.000
01/07/2009 14:00,1.090,106.341,72.063,16.22,641.34700,0.000
01/07/2009 15:00,0.251,139.907,77.029,14.45,375.72100,0.000
01/07/2009 16:00,1.277,92.115,80.885,11.68,195.49700,0.000
01/07/2009 17:00,0.201,138.176,84.596,10.67,81.36000,0.000
01/07/2009 18:00,0.101,137.423,87.565,9.77,15.57570,0.000
01/07/2009 19:00,0.500,148.714,79.829,9.56,1.63210,0.000
01/07/2009 20:00,2.227,203.654,69.194,10.46,0.00000,0.000
01/07/2009 21:00,2.722,222.247,68.031,10.39,0.00000,0.000
01/07/2009 22:00,1.757,235.440,70.784,10.18,0.43868,0.000
01/07/2009 23:00,2.752,223.511,74.477,9.66,0.00000,0.000
02/07/2009 00:00,1.559,230.736,74.442,9.89,0.00000,0.000
02/07/2009 01:00,1.411,224.396,75.038,9.71,0.50000,0.000
02/07/2009 02:00,0.905,221.604,75.443,9.16,0.00000,0.000
02/07/2009 03:00,1.157,227.308,74.721,8.74,6.50000,0.000
02/07/2009 04:00,0.687,230.874,69.977,9.66,93.67000,0.000
02/07/2009 05:00,0.718,167.137,65.635,12.01,264.45400,0.000
02/07/2009 06:00,1.288,64.593,61.513,13.38,451.35200,0.000
02/07/2009 07:00,1.207,47.528,63.102,14.33,621.08000,0.000
02/07/2009 08:00,2.481,23.626,60.192,15.44,777.02500,0.000
02/07/2009 09:00,2.442,86.154,57.846,16.78,727.59700,0.000
02/07/2009 10:00,2.900,34.137,59.130,16.96,957.80000,0.000
02/07/2009 11:00,3.604,45.104,55.978,17.18,630.99700,0.000
02/07/2009 12:00,2.937,46.692,56.045,17.00,760.21300,0.000
02/07/2009 13:00,2.300,55.060,61.751,17.04,874.88500,0.000
02/07/2009 14:00,0.774,178.379,63.065,16.39,649.32600,0.000
02/07/2009 15:00,0.687,120.209,64.437,15.51,473.63900,0.000
02/07/2009 16:00,0.402,142.363,70.753,13.57,139.79000,0.000
02/07/2009 17:00,0.553,185.082,75.478,12.16,50.76460,0.000
02/07/2009 18:00,0.101,208.852,76.680,11.64,27.00990,0.254
02/07/2009 19:00,0.017,231.110,77.431,11.07,0.81605,0.000
02/07/2009 20:00,0.000,162.604,81.548,10.20,0.50000,0.000
02/07/2009 21:00,0.184,144.319,82.325,9.60,0.00000,0.000
02/07/2009 22:00,0.000,209.885,80.871,9.83,0.00000,0.000
02/07/2009 23:00,0.184,238.835,79.013,10.16,0.43868,0.000
03/07/2009 00:00,0.352,240.500,79.885,9.86,0.00000,0.000
03/07/2009 01:00,0.972,233.055,80.972,9.64,0.50000,0.000
03/07/2009 02:00,0.184,214.379,83.004,9.27,0.87737,0.000
03/07/2009 03:00,0.050,181.429,87.141,8.66,13.93868,0.000
03/07/2009 04:00,0.151,147.363,89.487,8.94,31.95310,0.000
03/07/2009 05:00,1.151,104.967,85.681,9.92,196.59460,0.000
03/07/2009 06:00,2.196,66.198,82.824,12.75,451.58800,0.000
03/07/2009 07:00,2.953,60.522,73.955,13.90,518.84400,0.000
03/07/2009 08:00,1.978,51.017,69.732,15.40,732.18500,0.000
03/07/2009 09:00,2.163,25.401,65.430,16.29,723.24300,0.000
03/07/2009 10:00,2.749,79.511,65.586,15.44,782.75300,0.000
03/07/2009 11:00,2.246,44.462,67.612,16.50,1026.38000,0.000
03/07/2009 12:00,2.065,90.621,67.648,16.56,748.93000,0.000
03/07/2009 13:00,0.704,126.154,67.030,16.19,549.00800,0.000
03/07/2009 14:00,0.184,137.297,70.579,14.90,492.62000,0.000
03/07/2009 15:00,0.218,160.462,73.731,13.56,216.54000,0.000
03/07/2009 16:00,0.469,163.187,77.824,11.91,116.75600,0.000
03/07/2009 17:00,1.157,140.286,84.712,10.90,33.00040,0.000
03/07/2009 18:00,0.757,249.027,90.553,10.38,11.24070,0.000
03/07/2009 19:00,0.034,164.852,91.144,10.00,1.57078,0.000
03/07/2009 20:00,0.517,187.346,92.607,9.70,0.00000,0.000
03/07/2009 21:00,1.358,230.577,92.549,9.50,0.43868,0.000
03/07/2009 22:00,0.603,245.819,90.943,9.73,0.00000,0.000
03/07/2009 23:00,0.017,235.934,89.347,9.19,0.00000,0.000
04/07/2009 00:00,0.017,243.681,85.514,9.56,0.00000,0.000
04/07/2009 01:00,0.000,240.000,82.919,9.70,0.00000,0.000
04/07/2009 02:00,0.587,227.352,80.775,9.54,0.00000,0.000
04/07/2009 03:00,0.640,214.731,81.166,9.53,7.43868,0.000
04/07/2009 04:00,0.000,248.335,80.719,9.83,86.10860,0.000
04/07/2009 05:00,0.534,146.747,76.460,12.06,252.73200,0.000
04/07/2009 06:00,1.710,35.973,76.971,12.64,469.70100,0.000
04/07/2009 07:00,2.699,52.473,78.799,14.04,596.62100,0.000
04/07/2009 08:00,3.286,34.615,75.740,14.97,580.54200,0.000
04/07/2009 09:00,3.939,197.527,70.077,16.06,669.81700,0.000
04/07/2009 10:00,2.967,113.764,66.982,16.30,601.42200,0.000
04/07/2009 11:00,1.649,148.489,75.954,14.22,312.79600,0.000
04/07/2009 12:00,0.453,107.456,82.670,12.98,149.32200,0.000
04/07/2009 13:00,1.171,71.945,87.396,11.42,121.71800,0.762
04/07/2009 14:00,1.291,184.918,93.401,10.66,175.21800,0.000
04/07/2009 15:00,0.989,233.659,90.559,10.60,123.09600,0.000
04/07/2009 16:00,0.268,164.478,91.622,9.16,19.44360,1.524
04/07/2009 17:00,0.603,202.665,93.288,8.82,44.16050,1.778
04/07/2009 18:00,0.500,202.934,91.840,9.44,34.55720,0.000
04/07/2009 19:00,1.009,214.286,84.571,8.83,0.87737,0.000
04/07/2009 20:00,0.101,213.022,80.543,8.87,0.00000,0.000
04/07/2009 21:00,0.788,235.176,81.166,8.87,0.00000,0.000
04/07/2009 22:00,1.006,218.681,85.176,8.25,0.00000,0.000
04/07/2009 23:00,0.888,198.121,88.334,7.94,0.00000,0.000
05/07/2009 00:00,0.050,210.335,86.918,8.18,0.43868,0.000
05/07/2009 01:00,0.453,222.940,84.750,8.38,0.00000,0.000
05/07/2009 02:00,0.436,227.951,84.062,8.33,0.00000,0.000
05/07/2009 03:00,0.821,207.082,84.123,8.31,5.00000,0.000
05/07/2009 04:00,0.000,208.544,85.035,8.89,91.84440,0.000
05/07/2009 05:00,0.500,154.802,78.578,10.68,270.01600,0.000
05/07/2009 06:00,1.171,64.121,78.720,12.30,399.81000,0.000
05/07/2009 07:00,2.280,44.220,77.061,13.14,571.04200,0.000
05/07/2009 08:00,2.649,29.258,73.378,14.15,646.02500,0.000
05/07/2009 09:00,2.800,46.033,71.472,15.38,623.31100,0.000
05/07/2009 10:00,2.028,189.286,69.246,15.82,829.33000,0.000
05/07/2009 11:00,1.056,67.555,70.159,14.89,541.37300,0.000
05/07/2009 12:00,1.341,51.890,72.678,15.31,352.48600,0.000
05/07/2009 13:00,0.888,66.017,75.597,14.76,511.93600,0.000
05/07/2009 14:00,1.509,103.945,78.678,14.43,387.85400,0.000
05/07/2009 15:00,0.886,155.571,86.894,11.57,161.96000,0.000
05/07/2009 16:00,1.204,181.335,92.093,9.95,37.56670,0.000
05/07/2009 17:00,1.525,190.984,91.788,8.78,15.88683,13.208
05/07/2009 18:00,0.875,205.841,88.909,8.23,14.32100,0.254
05/07/2009 19:00,0.000,238.143,87.421,7.80,0.81605,0.000
05/07/2009 20:00,0.000,246.489,85.098,8.38,0.00000,0.000
05/07/2009 21:00,0.771,248.967,87.599,8.15,0.00000,0.762
05/07/2009 22:00,0.084,248.319,89.150,7.68,0.00000,0.254
05/07/2009 23:00,0.000,224.709,89.737,7.59,0.00000,0.000
06/07/2009 00:00,0.067,203.643,92.314,6.86,0.00000,0.000
06/07/2009 01:00,0.017,234.863,93.776,6.70,0.00000,0.000
06/07/2009 02:00,0.218,253.885,95.648,6.82,0.00000,0.000
06/07/2009 03:00,0.000,199.692,96.752,6.99,1.00000,0.762
06/07/2009 04:00,0.000,197.725,97.446,6.86,9.63210,0.508
06/07/2009 05:00,0.386,168.923,98.206,7.12,46.54730,0.000
06/07/2009 06:00,0.050,253.956,99.173,7.25,126.90160,0.000
06/07/2009 07:00,0.570,32.791,95.972,9.88,550.90700,0.000
06/07/2009 08:00,1.922,58.791,88.801,11.59,518.33600,0.000
06/07/2009 09:00,3.118,72.896,88.351,11.56,818.50400,0.000
06/07/2009 10:00,2.330,163.654,79.510,13.16,1008.51700,0.000
06/07/2009 11:00,2.263,55.670,76.736,14.31,1037.93000,0.000
06/07/2009 12:00,2.364,57.907,73.278,14.42,719.76000,0.000
06/07/2009 13:00,1.978,151.720,76.023,12.64,586.56800,0.000
06/07/2009 14:00,2.297,78.659,78.062,13.06,695.85700,0.000
06/07/2009 15:00,1.632,125.500,82.870,11.70,525.49800,0.000
06/07/2009 16:00,0.536,154.429,86.958,10.23,126.01600,0.000
06/07/2009 17:00,0.017,149.077,89.845,8.75,46.52430,0.000
06/07/2009 18:00,0.517,183.066,92.061,7.74,7.91520,0.000
06/07/2009 19:00,1.478,222.802,92.774,7.32,0.43868,0.000
06/07/2009 20:00,0.000,234.940,93.537,6.67,0.43868,0.000
06/07/2009 21:00,0.034,235.363,93.157,6.65,0.00000,0.000
06/07/2009 22:00,0.000,230.198,94.169,6.45,0.43868,0.000
06/07/2009 23:00,0.503,218.462,93.210,6.09,0.00000,0.000
07/07/2009 00:00,0.500,216.137,91.687,6.14,0.00000,0.000
07/07/2009 01:00,1.609,239.945,85.198,5.42,0.00000,0.000
07/07/2009 02:00,1.056,244.797,76.122,6.22,0.00000,0.000
07/07/2009 03:00,0.654,171.346,80.729,5.52,5.93868,0.000
07/07/2009 04:00,0.034,160.692,91.376,4.72,101.90580,0.000
07/07/2009 05:00,1.067,125.066,88.244,7.06,345.02100,0.000
07/07/2009 06:00,2.095,40.390,82.964,8.94,537.49500,0.000
07/07/2009 07:00,1.894,179.676,78.101,10.18,390.43000,0.000
07/07/2009 08:00,1.003,74.330,74.422,11.14,283.54900,0.000
07/07/2009 09:00,2.548,118.390,72.315,10.76,744.41800,0.000
07/07/2009 10:00,2.380,121.830,63.534,11.63,1006.59000,0.000
07/07/2009 11:00,3.104,168.110,63.707,12.24,718.72000,0.000
07/07/2009 12:00,1.626,164.808,75.916,10.36,391.35300,0.000
07/07/2009 13:00,1.123,71.500,65.492,9.63,317.06000,0.000
07/07/2009 14:00,2.230,58.346,64.021,8.75,178.38900,0.254
07/07/2009 15:00,2.129,125.929,76.717,6.80,100.50530,0.000
07/07/2009 16:00,2.839,200.088,79.734,6.04,92.83100,0.254
07/07/2009 17:00,0.654,171.687,88.513,5.02,45.67040,0.508
07/07/2009 18:00,0.000,184.319,95.098,3.74,14.95310,0.254
07/07/2009 19:00,0.034,188.764,96.374,3.19,0.00000,0.508
07/07/2009 20:00,0.000,165.703,96.747,2.68,0.00000,1.524
07/07/2009 21:00,0.017,127.346,97.170,1.47,0.00000,1.524
07/07/2009 22:00,0.000,145.396,97.437,0.70,0.00000,0.000
07/07/2009 23:00,0.000,164.769,98.019,-0.02,1.00000,0.000
08/07/2009 00:00,0.000,177.165,98.185,-0.08,0.00000,0.000
08/07/2009 01:00,0.000,225.885,98.316,0.10,0.00000,0.000
08/07/2009 02:00,0.319,236.132,99.380,0.10,0.43868,0.000
08/07/2009 03:00,0.000,195.077,97.460,0.48,0.50000,0.000
08/07/2009 04:00,0.000,168.198,94.786,0.34,2.81605,0.000
08/07/2009 05:00,0.000,128.181,93.830,0.72,21.38683,0.000
08/07/2009 06:00,0.017,124.819,90.613,1.28,122.84940,1.778
08/07/2009 07:00,1.050,113.407,91.503,2.54,326.72800,3.810
08/07/2009 08:00,1.492,19.544,90.229,4.55,515.66400,3.048
08/07/2009 09:00,1.741,36.236,88.546,6.85,775.38400,0.254
08/07/2009 10:00,2.364,59.440,82.531,6.78,874.69300,0.000
08/07/2009 11:00,1.710,134.643,79.989,8.38,1083.62000,0.000
08/07/2009 12:00,1.428,115.440,81.634,7.47,487.50600,0.000
08/07/2009 13:00,0.687,119.198,78.815,7.07,351.63500,0.000
08/07/2009 14:00,0.690,144.742,79.452,7.98,583.25900,0.000
08/07/2009 15:00,0.520,122.929,83.473,6.76,430.79800,0.000
08/07/2009 16:00,0.704,144.550,88.385,5.96,142.49300,0.000
08/07/2009 17:00,0.017,174.181,92.384,4.64,52.17980,0.254
08/07/2009 18:00,0.989,134.571,94.855,3.72,16.46250,0.254
08/07/2009 19:00,0.034,157.533,95.046,2.92,0.00000,0.000
08/07/2009 20:00,0.671,133.989,95.021,2.69,0.00000,0.000
08/07/2009 21:00,0.536,116.670,95.544,2.60,0.00000,0.508
08/07/2009 22:00,0.000,155.879,95.487,2.40,0.00000,0.254
08/07/2009 23:00,0.335,205.088,95.185,2.16,0.43868,0.000
09/07/2009 00:00,0.000,252.989,93.218,1.94,0.00000,0.000
09/07/2009 01:00,0.000,264.033,92.627,1.74,0.00000,0.000
09/07/2009 02:00,0.000,238.940,92.602,1.58,0.00000,0.000
09/07/2009 03:00,0.000,239.747,89.627,1.10,7.00000,0.000
09/07/2009 04:00,0.872,247.088,79.098,2.24,109.54730,0.000
09/07/2009 05:00,1.000,136.126,72.848,4.60,277.17200,0.000
09/07/2009 06:00,2.246,49.022,75.487,5.90,455.82400,0.000
09/07/2009 07:00,2.042,49.632,74.033,7.22,719.38200,0.000
09/07/2009 08:00,2.950,71.319,68.551,7.88,891.02700,0.000
09/07/2009 09:00,3.068,34.874,68.719,8.94,947.29100,0.000
09/07/2009 10:00,2.347,26.220,63.860,9.32,612.33000,0.000
09/07/2009 11:00,1.741,59.517,63.130,9.77,320.56800,0.000
09/07/2009 12:00,2.699,63.863,63.408,10.62,813.87400,0.000
09/07/2009 13:00,2.115,95.423,71.236,10.04,874.08300,0.000
09/07/2009 14:00,1.794,98.907,76.724,8.89,552.99300,0.000
09/07/2009 15:00,1.308,171.379,82.171,7.49,405.60000,0.000
09/07/2009 16:00,0.939,102.039,88.376,6.46,148.50200,0.000
09/07/2009 17:00,0.067,176.742,90.815,5.12,70.67100,0.000
09/07/2009 18:00,0.000,201.071,93.185,4.44,14.95310,0.000
09/07/2009 19:00,0.017,193.918,94.584,3.82,0.00000,0.000
09/07/2009 20:00,0.235,166.819,95.667,3.56,0.00000,0.254
09/07/2009 21:00,0.067,123.489,96.763,3.48,0.00000,1.778
09/07/2009 22:00,0.517,178.692,97.555,3.29,0.00000,0.000
09/07/2009 23:00,1.411,130.621,98.615,2.62,0.00000,0.000
10/07/2009 00:00,0.000,99.775,99.697,2.40,1.19341,0.000
10/07/2009 01:00,0.637,195.489,99.737,1.87,0.43868,0.254
10/07/2009 02:00,0.520,224.192,99.799,1.24,0.00000,0.000
10/07/2009 03:00,0.000,302.863,99.845,1.57,1.50000,0.000
10/07/2009 04:00,0.000,244.582,99.924,1.77,13.57078,0.000
10/07/2009 05:00,0.352,160.374,99.902,1.70,55.33040,0.000
10/07/2009 06:00,0.235,151.626,99.969,1.80,107.70820,0.000
10/07/2009 07:00,0.919,107.511,99.891,2.76,331.32700,0.000
10/07/2009 08:00,1.456,12.209,98.204,4.95,417.64500,0.000
10/07/2009 09:00,1.391,55.324,88.679,6.68,508.10900,0.000
10/07/2009 10:00,0.905,92.379,79.006,6.86,474.33300,0.000
10/07/2009 11:00,1.106,114.676,76.827,7.50,748.89300,0.000
10/07/2009 12:00,0.838,125.830,73.870,8.46,684.40400,0.000
10/07/2009 13:00,1.123,78.017,71.189,9.05,581.48600,0.000
10/07/2009 14:00,1.509,84.687,74.338,7.30,276.88100,0.000
10/07/2009 15:00,0.603,81.956,75.437,6.13,141.88300,0.000
10/07/2009 16:00,0.067,152.555,78.371,5.53,130.04900,0.000
10/07/2009 17:00,0.134,166.527,78.415,4.56,79.79300,0.000
10/07/2009 18:00,0.000,147.577,81.517,3.35,26.76460,0.000
10/07/2009 19:00,0.017,171.808,84.187,2.22,0.43868,0.000
10/07/2009 20:00,0.067,173.956,85.464,2.62,0.00000,0.000
10/07/2009 21:00,0.084,209.676,87.300,2.04,0.00000,0.000
10/07/2009 22:00,0.419,259.692,86.629,1.49,0.00000,0.000
10/07/2009 23:00,0.419,259.544,84.530,2.06,0.00000,0.000
11/07/2009 00:00,0.134,250.841,86.771,2.04,0.43868,0.000
11/07/2009 01:00,0.000,231.258,86.025,1.16,0.00000,0.000
11/07/2009 02:00,0.369,200.159,86.194,1.82,0.00000,0.000
11/07/2009 03:00,0.000,187.165,91.202,1.11,10.00000,0.000
11/07/2009 04:00,0.469,198.896,80.483,2.47,40.31150,0.000
11/07/2009 05:00,0.637,125.522,75.953,3.68,111.90620,0.000
11/07/2009 06:00,1.017,25.324,84.197,4.66,193.62400,0.000
11/07/2009 07:00,1.808,44.049,81.880,5.88,418.90700,0.000
11/07/2009 08:00,2.615,42.978,69.208,8.28,721.70300,0.000
11/07/2009 09:00,2.464,31.115,71.153,9.33,996.19700,0.000
11/07/2009 10:00,2.766,21.297,72.680,9.64,618.48500,0.000
11/07/2009 11:00,3.168,60.291,70.298,10.85,1071.99900,0.000
11/07/2009 12:00,2.031,99.341,66.986,11.48,761.96800,0.000
11/07/2009 13:00,1.023,197.016,70.951,10.90,735.11200,0.000
11/07/2009 14:00,1.425,135.385,74.258,9.98,595.89600,0.000
11/07/2009 15:00,1.210,164.725,74.739,9.74,400.98700,0.000
11/07/2009 16:00,0.523,55.368,77.914,8.98,85.58110,0.000
11/07/2009 17:00,0.034,121.346,79.798,7.98,53.17980,0.000
11/07/2009 18:00,0.620,215.495,83.190,7.05,19.22670,0.000
11/07/2009 19:00,0.673,200.000,85.277,6.18,0.87737,0.000
11/07/2009 20:00,0.500,199.324,84.467,5.93,0.00000,0.000
11/07/2009 21:00,1.106,208.297,75.524,6.76,0.00000,0.000
11/07/2009 22:00,1.841,203.555,67.570,7.23,0.00000,0.000
11/07/2009 23:00,2.012,183.286,65.052,7.42,0.00000,0.000
12/07/2009 00:00,1.981,200.187,65.817,7.26,0.00000,0.000
12/07/2009 01:00,1.967,260.835,64.305,7.04,0.00000,0.000
12/07/2009 02:00,0.852,251.687,58.619,8.27,0.00000,0.000
12/07/2009 03:00,3.716,211.522,57.393,8.96,9.50000,0.000
12/07/2009 04:00,4.130,191.918,55.182,8.73,51.30210,0.000
12/07/2009 05:00,2.953,178.071,55.256,10.66,286.30300,0.000
12/07/2009 06:00,1.274,82.269,59.028,11.36,325.87200,0.000
12/07/2009 07:00,1.475,130.786,64.181,10.08,179.78500,0.000
12/07/2009 08:00,0.285,131.060,64.656,11.40,219.41600,0.000
12/07/2009 09:00,1.117,110.418,65.948,12.64,343.88500,0.000
12/07/2009 10:00,1.257,130.692,58.688,14.04,793.53200,0.000
12/07/2009 11:00,2.012,66.769,57.813,22.69,1167.81000,0.000
12/07/2009 12:00,1.643,48.039,58.389,15.13,902.32000,0.000
12/07/2009 13:00,1.257,26.813,57.594,14.69,883.10900,0.000
12/07/2009 14:00,1.106,30.165,58.309,14.53,658.64000,0.000
12/07/2009 15:00,0.838,114.088,62.424,13.36,184.59700,0.000
12/07/2009 16:00,0.201,192.011,63.096,13.06,105.71300,0.000
12/07/2009 17:00,0.101,168.725,64.704,12.73,68.43500,0.000
12/07/2009 18:00,1.274,169.319,67.280,12.20,9.92470,0.000
12/07/2009 19:00,1.173,193.918,66.732,11.63,0.87737,0.000
12/07/2009 20:00,2.196,180.170,65.029,12.17,0.43868,0.000
12/07/2009 21:00,2.548,188.604,65.300,12.46,0.81605,0.000
12/07/2009 22:00,3.252,167.335,64.037,12.47,0.00000,0.000
12/07/2009 23:00,3.129,188.445,63.825,12.22,0.00000,0.000
13/07/2009 00:00,3.426,197.890,63.009,11.98,0.93868,0.000
13/07/2009 01:00,1.676,202.511,65.567,11.30,0.00000,0.000
13/07/2009 02:00,1.512,192.440,69.209,10.86,0.00000,0.000
13/07/2009 03:00,2.651,182.505,69.944,10.22,3.50000,0.000
13/07/2009 04:00,4.593,217.093,66.526,11.53,92.15103,0.000
13/07/2009 05:00,3.219,205.264,61.552,12.44,142.24700,0.000
13/07/2009 06:00,2.755,190.835,58.441,13.13,321.65200,0.000
13/07/2009 07:00,0.953,179.110,59.635,13.70,136.21400,0.000
13/07/2009 08:00,2.515,153.643,54.001,15.79,490.86000,0.000
13/07/2009 09:00,2.280,128.841,52.831,17.73,874.39400,0.000
13/07/2009 10:00,2.425,149.890,51.911,18.13,799.19300,0.000
13/07/2009 11:00,3.906,146.060,51.975,18.87,1067.39500,0.000
13/07/2009 12:00,1.710,149.830,47.777,19.59,812.91100,0.000
13/07/2009 13:00,2.213,171.132,43.293,19.88,801.97100,0.000
13/07/2009 14:00,2.824,133.137,50.554,19.37,687.46800,0.000
13/07/2009 15:00,3.931,131.291,58.394,17.54,410.25100,0.000
13/07/2009 16:00,2.288,249.764,60.115,25.10,100.27900,0.000
13/07/2009 17:00,3.638,198.929,63.312,15.99,50.56670,0.000
13/07/2009 18:00,5.113,210.885,68.540,14.74,15.76910,0.000
13/07/2009 19:00,4.951,218.220,79.387,13.00,0.43868,0.000
13/07/2009 20:00,4.694,201.148,90.882,11.69,0.00000,0.000
13/07/2009 21:00,5.568,205.791,92.156,16.97,0.00000,0.000
13/07/2009 22:00,3.973,190.401,88.296,17.76,0.00000,0.000
13/07/2009 23:00,4.875,159.038,90.023,10.98,0.00000,0.000
14/07/2009 00:00,6.622,173.516,90.910,10.41,0.87737,0.000
14/07/2009 01:00,5.574,186.703,87.272,10.98,0.43868,0.000
14/07/2009 02:00,4.420,196.868,85.661,11.19,0.00000,0.000
14/07/2009 03:00,5.633,203.374,88.574,10.72,8.00000,0.000
14/07/2009 04:00,3.515,195.648,85.475,10.85,51.42470,0.000
14/07/2009 05:00,0.637,126.703,82.498,11.84,220.87820,0.000
14/07/2009 06:00,1.727,208.038,80.780,13.12,369.55900,0.000
14/07/2009 07:00,2.972,67.203,76.051,14.43,408.33000,0.000
14/07/2009 08:00,6.230,127.335,76.553,13.90,694.97500,0.000
14/07/2009 09:00,7.560,142.995,75.404,13.72,805.28600,0.000
14/07/2009 10:00,6.759,147.165,73.477,14.65,434.63600,0.000
14/07/2009 11:00,7.376,141.764,71.003,22.61,765.98000,0.000
14/07/2009 12:00,6.762,145.258,70.104,23.38,683.15000,0.000
14/07/2009 13:00,6.080,122.758,74.271,14.82,142.21900,0.000
14/07/2009 14:00,2.157,144.984,74.375,14.38,108.08560,0.000
14/07/2009 15:00,2.897,151.560,76.251,14.73,123.95400,0.000
14/07/2009 16:00,5.331,148.022,77.142,14.40,91.77900,0.000
14/07/2009 17:00,6.588,166.868,79.980,13.57,36.52880,0.000
14/07/2009 18:00,5.840,140.308,80.867,13.30,8.29260,0.254
14/07/2009 19:00,4.677,156.698,79.524,13.20,0.00000,0.508
14/07/2009 20:00,4.761,164.088,78.441,13.08,0.00000,0.000
14/07/2009 21:00,4.037,175.115,79.175,12.75,0.43868,0.000
14/07/2009 22:00,6.222,156.538,78.468,12.88,0.43868,0.000
14/07/2009 23:00,3.976,130.758,80.456,12.45,0.43868,0.000
15/07/2009 00:00,3.414,163.132,80.852,12.34,0.00000,0.000
15/07/2009 01:00,4.157,146.000,80.574,12.20,0.00000,0.000
15/07/2009 02:00,6.286,149.890,81.504,11.81,0.00000,0.508
15/07/2009 03:00,4.090,169.489,84.420,10.97,1.00000,1.016
15/07/2009 04:00,5.794,189.648,87.647,9.92,30.13210,0.000
15/07/2009 05:00,6.259,176.703,83.890,10.07,72.45800,2.032
15/07/2009 06:00,5.006,160.462,81.365,10.98,305.84980,0.000
15/07/2009 07:00,4.163,213.137,81.514,12.30,408.56100,0.000
15/07/2009 08:00,2.783,187.934,75.902,12.66,310.14400,0.000
15/07/2009 09:00,1.995,166.445,76.435,13.00,298.49300,0.000
15/07/2009 10:00,3.657,209.989,77.521,12.65,355.06400,0.000
15/07/2009 11:00,3.638,200.143,74.021,14.08,820.31500,0.000
15/07/2009 12:00,3.800,156.225,73.143,14.98,910.24400,0.000
15/07/2009 13:00,3.781,139.137,70.307,15.53,888.16900,0.000
15/07/2009 14:00,2.464,169.495,71.145,15.93,768.84700,0.000
15/07/2009 15:00,1.431,265.110,76.200,15.22,409.53400,0.000
15/07/2009 16:00,0.067,267.176,82.774,13.80,75.81200,0.000
15/07/2009 17:00,0.034,201.626,86.443,12.68,26.16540,0.000
15/07/2009 18:00,0.567,217.769,90.144,12.02,8.23130,0.000
15/07/2009 19:00,0.757,211.071,91.398,11.30,0.87737,0.000
15/07/2009 20:00,0.017,221.907,86.382,11.46,0.00000,0.000
15/07/2009 21:00,0.922,243.429,82.219,12.16,0.00000,0.000
15/07/2009 22:00,0.302,254.401,82.481,11.66,0.00000,0.000
15/07/2009 23:00,1.207,233.841,85.772,11.33,0.00000,0.000
16/07/2009 00:00,0.590,224.769,89.261,10.42,0.50000,0.000
16/07/2009 01:00,0.536,233.989,89.511,16.40,0.43868,0.000
16/07/2009 02:00,0.017,235.962,91.084,10.85,0.43868,0.000
16/07/2009 03:00,0.453,242.802,91.845,10.44,3.93868,0.000
16/07/2009 04:00,0.788,211.835,89.703,15.82,78.27366,0.000
16/07/2009 05:00,0.000,145.604,83.402,12.52,248.79400,0.000
16/07/2009 06:00,2.042,64.912,76.351,15.02,438.56000,0.000
16/07/2009 07:00,2.179,61.060,72.572,16.19,615.80700,0.000
16/07/2009 08:00,2.129,54.126,63.322,17.56,783.01600,0.000
16/07/2009 09:00,0.570,43.879,55.673,18.14,898.20600,0.000
16/07/2009 10:00,0.000,53.412,52.943,19.38,962.15000,0.000
16/07/2009 11:00,1.609,48.346,50.710,20.60,1008.79200,0.000
16/07/2009 12:00,1.375,97.890,46.051,19.91,922.39000,0.000
16/07/2009 13:00,1.609,216.027,44.799,19.36,575.07800,0.000
16/07/2009 14:00,0.673,108.044,48.702,18.60,749.63900,0.000
16/07/2009 15:00,0.000,216.648,56.253,17.23,348.64700,0.000
16/07/2009 16:00,0.000,256.637,61.391,15.84,36.60410,0.000
16/07/2009 17:00,0.000,248.615,63.541,15.80,28.33990,0.000
16/07/2009 18:00,0.000,228.764,61.165,14.92,11.37280,0.000
16/07/2009 19:00,4.316,192.451,65.115,15.14,0.43868,0.000
16/07/2009 20:00,6.068,203.588,74.585,14.15,0.00000,0.000
16/07/2009 21:00,4.898,199.143,74.182,14.16,0.00000,0.000
16/07/2009 22:00,3.923,171.830,73.660,13.57,0.00000,0.000
16/07/2009 23:00,3.886,192.374,72.721,13.37,0.87737,0.000
17/07/2009 00:00,5.291,176.077,74.280,13.07,0.00000,0.000
17/07/2009 01:00,3.898,158.786,73.196,18.36,0.00000,0.000
17/07/2009 02:00,4.912,149.324,73.422,19.02,0.00000,0.000
17/07/2009 03:00,2.808,159.566,77.419,12.28,0.93868,0.508
17/07/2009 04:00,0.905,162.022,85.682,11.46,62.69341,0.000
17/07/2009 05:00,0.034,91.291,90.715,10.85,104.51100,0.000
17/07/2009 06:00,0.534,140.775,95.338,9.57,64.67980,3.810
17/07/2009 07:00,1.009,128.637,89.388,14.16,147.48640,0.000
17/07/2009 08:00,0.402,160.473,77.261,11.30,192.84200,0.000
17/07/2009 09:00,1.520,149.082,74.671,12.72,367.32200,0.254
17/07/2009 10:00,2.671,126.885,80.585,19.40,620.66300,0.000
17/07/2009 11:00,0.738,101.412,86.854,19.38,344.89000,0.000
17/07/2009 12:00,1.207,73.511,91.546,11.16,291.75800,0.000
17/07/2009 13:00,0.919,75.555,90.313,10.58,256.17200,8.382
17/07/2009 14:00,0.469,70.500,90.210,9.22,186.47400,4.826
17/07/2009 15:00,0.788,91.363,95.482,7.51,45.19380,2.032
17/07/2009 16:00,0.453,141.857,96.545,6.04,21.09460,2.540
17/07/2009 17:00,0.000,116.445,97.369,4.83,3.95761,5.080
17/07/2009 18:00,0.000,145.330,98.038,3.40,0.00000,3.556
17/07/2009 19:00,0.101,147.022,98.446,2.72,0.00000,1.270
17/07/2009 20:00,0.050,137.159,99.430,2.06,0.00000,1.270
17/07/2009 21:00,0.101,203.863,81.483,1.39,0.00000,1.524
17/07/2009 22:00,1.251,117.407,59.653,0.94,0.00000,0.254
17/07/2009 23:00,0.888,176.698,53.744,0.14,0.00000,0.254
18/07/2009 00:00,1.204,192.209,49.903,-0.11,0.00000,0.000
18/07/2009 01:00,3.204,63.802,48.832,-0.33,0.00000,0.000
18/07/2009 02:00,5.585,137.231,47.945,-0.50,0.00000,0.000
18/07/2009 03:00,1.861,196.390,47.550,-0.54,5.00000,0.000
18/07/2009 04:00,1.425,167.819,47.571,-0.38,10.70288,0.000
18/07/2009 05:00,1.676,120.813,47.576,-0.34,49.56630,0.000
18/07/2009 06:00,0.939,81.346,38.949,-0.08,101.94400,0.254
18/07/2009 07:00,1.023,140.434,30.966,0.98,202.98300,0.000
18/07/2009 08:00,0.453,128.291,30.869,1.63,155.06700,0.000
18/07/2009 09:00,0.117,131.060,30.922,1.48,113.09500,0.254
18/07/2009 10:00,0.821,129.747,31.054,1.48,114.52000,0.254
18/07/2009 11:00,0.000,88.918,30.981,2.15,120.64300,0.000
18/07/2009 12:00,2.464,102.077,31.031,1.96,83.48190,0.000
18/07/2009 13:00,1.364,169.264,31.176,2.10,76.22710,0.000
18/07/2009 14:00,0.050,136.374,31.253,3.22,62.67040,0.000
18/07/2009 15:00,0.335,80.654,31.328,2.32,72.55720,0.000
18/07/2009 16:00,1.171,113.132,31.441,2.11,66.03370,0.000
18/07/2009 17:00,0.956,135.604,31.617,1.86,34.40620,0.000
18/07/2009 18:00,0.640,257.269,31.827,1.26,4.39630,0.000
18/07/2009 19:00,0.000,129.544,32.040,0.70,0.00000,0.000
18/07/2009 20:00,0.536,150.115,32.288,0.19,0.43868,0.000
18/07/2009 21:00,0.201,186.434,32.494,-0.06,0.00000,0.000
18/07/2009 22:00,0.573,203.187,32.600,0.02,0.00000,0.000
18/07/2009 23:00,0.000,214.467,32.735,0.07,0.00000,0.000
19/07/2009 00:00,0.034,227.099,32.895,0.03,0.00000,0.000
19/07/2009 01:00,0.000,211.879,32.858,1.33,0.00000,0.000
19/07/2009 02:00,0.151,199.005,37.738,1.65,0.00000,0.000
19/07/2009 03:00,0.369,183.264,63.425,2.36,1.00000,0.254
19/07/2009 04:00,0.302,169.005,86.467,2.24,28.63210,1.016
19/07/2009 05:00,0.017,106.835,90.552,3.36,143.60900,0.000
19/07/2009 06:00,1.355,36.264,90.802,5.08,453.46400,0.000
19/07/2009 07:00,1.928,25.588,85.836,7.86,784.03400,0.000
19/07/2009 08:00,1.861,48.918,83.941,8.71,865.69600,0.000
19/07/2009 09:00,2.665,30.967,74.620,9.48,919.96000,0.000
19/07/2009 10:00,3.252,79.802,70.864,10.46,1001.52700,0.000
19/07/2009 11:00,2.249,27.132,65.875,11.36,692.40000,0.000
19/07/2009 12:00,1.743,132.550,69.031,10.76,429.69300,0.254
19/07/2009 13:00,0.436,134.539,73.037,10.72,206.26600,0.000
19/07/2009 14:00,0.101,115.731,74.149,9.69,428.52100,0.000
19/07/2009 15:00,0.738,241.440,74.856,9.00,355.40200,0.000
19/07/2009 16:00,0.084,158.319,78.860,8.04,40.14200,0.000
19/07/2009 17:00,0.000,193.571,81.148,7.32,21.13700,0.000
19/07/2009 18:00,0.805,251.824,86.098,5.82,9.03790,0.000
19/07/2009 19:00,0.017,231.385,88.029,5.36,0.00000,0.000
19/07/2009 20:00,0.500,220.885,84.746,5.46,0.43868,0.000
19/07/2009 21:00,0.654,215.659,74.652,5.40,0.00000,0.000
19/07/2009 22:00,0.925,214.330,67.773,5.72,0.43868,0.000
19/07/2009 23:00,0.000,216.478,78.650,4.72,0.00000,0.000
20/07/2009 00:00,1.190,210.396,85.286,4.22,0.00000,0.000
20/07/2009 01:00,0.503,223.676,84.568,4.37,0.43868,0.000
20/07/2009 02:00,0.584,223.121,82.524,4.58,0.00000,0.000
20/07/2009 03:00,0.640,214.967,81.276,4.51,4.00000,0.000
20/07/2009 04:00,0.034,239.302,84.445,4.61,22.71235,0.000
20/07/2009 05:00,0.017,135.495,84.023,5.96,52.89670,0.000
20/07/2009 06:00,0.534,43.571,75.134,8.69,285.51930,0.000
20/07/2009 07:00,1.945,32.297,71.680,11.02,599.21700,0.000
20/07/2009 08:00,1.861,48.665,68.114,11.76,745.70400,0.000
20/07/2009 09:00,1.942,36.143,63.106,12.66,864.81800,0.000
20/07/2009 10:00,2.213,59.819,64.524,13.67,929.08300,0.000
20/07/2009 11:00,2.112,106.764,60.954,22.88,946.42300,0.000
20/07/2009 12:00,1.070,102.780,46.071,15.47,930.44200,0.000
20/07/2009 13:00,2.730,40.341,41.402,14.87,787.32900,0.000
20/07/2009 14:00,3.345,83.819,36.809,14.24,662.14700,0.000
20/07/2009 15:00,1.800,265.604,38.779,13.46,356.16600,0.000
20/07/2009 16:00,1.408,238.451,44.121,12.37,50.00040,0.000
20/07/2009 17:00,0.922,215.363,47.408,12.29,41.27410,0.000
20/07/2009 18:00,0.741,194.016,48.947,17.54,11.37280,0.000
20/07/2009 19:00,0.218,194.148,51.809,17.80,0.43868,0.000
20/07/2009 20:00,2.743,210.242,56.587,11.02,0.00000,0.000
20/07/2009 21:00,3.534,216.154,57.544,11.74,0.00000,0.000
20/07/2009 22:00,3.738,191.148,56.823,11.80,0.00000,0.000
20/07/2009 23:00,3.688,211.308,56.772,12.05,0.50000,0.000
21/07/2009 00:00,2.766,173.725,58.203,12.18,0.00000,0.000
21/07/2009 01:00,2.330,181.824,60.753,11.82,0.00000,0.000
21/07/2009 02:00,1.861,193.940,58.390,11.95,0.43868,0.000
21/07/2009 03:00,2.813,200.522,56.800,12.04,3.43868,0.000
21/07/2009 04:00,4.074,208.308,57.219,11.88,10.14156,0.000
21/07/2009 05:00,3.738,193.456,61.755,16.42,29.29260,0.000
21/07/2009 06:00,2.783,191.203,56.743,12.86,346.23620,0.254
21/07/2009 07:00,3.900,144.626,55.747,15.18,657.60900,0.000
21/07/2009 08:00,4.694,145.758,50.918,23.82,770.13800,0.000
21/07/2009 09:00,6.068,133.533,49.294,15.92,921.00800,0.000
21/07/2009 10:00,6.337,140.335,53.025,15.99,1141.39000,0.000
21/07/2009 11:00,4.873,159.560,55.991,16.32,1068.15900,0.000
21/07/2009 12:00,2.249,212.885,54.706,16.82,769.65000,0.000
21/07/2009 13:00,3.856,197.995,56.466,15.96,598.70000,0.000
21/07/2009 14:00,2.548,156.753,52.418,22.76,395.30300,0.000
21/07/2009 15:00,2.364,178.044,50.459,15.23,335.52000,0.000
21/07/2009 16:00,2.095,225.659,51.100,14.66,32.72670,0.000
21/07/2009 17:00,3.504,206.967,52.093,14.36,23.07570,0.000
21/07/2009 18:00,2.741,191.055,51.011,14.14,8.60860,0.000
21/07/2009 19:00,2.431,192.363,54.983,14.22,0.87737,0.000
21/07/2009 20:00,4.375,206.923,63.716,13.08,1.57078,0.000
21/07/2009 21:00,4.345,218.681,67.187,18.96,0.00000,0.000
21/07/2009 22:00,3.920,224.874,66.875,11.82,1.50000,0.000
21/07/2009 23:00,4.990,180.115,61.203,12.60,0.00000,0.000
22/07/2009 00:00,6.535,178.956,65.669,12.54,0.00000,0.000
22/07/2009 01:00,5.585,183.813,70.939,11.60,0.00000,0.000
22/07/2009 02:00,5.683,217.473,66.392,11.30,0.00000,0.000
22/07/2009 03:00,5.350,163.813,63.835,11.78,2.00000,0.000
22/07/2009 04:00,6.264,192.418,69.241,11.82,39.76420,0.000
22/07/2009 05:00,8.301,191.769,68.504,11.75,227.65640,0.000
22/07/2009 06:00,6.795,197.011,67.797,13.05,497.54100,0.000
22/07/2009 07:00,6.303,175.357,67.179,14.38,703.50500,0.000
22/07/2009 08:00,4.926,156.126,66.341,15.16,673.13900,0.000
22/07/2009 09:00,5.808,155.192,72.438,13.58,342.50500,0.000
22/07/2009 10:00,2.859,126.549,75.186,12.43,55.47240,0.254
22/07/2009 11:00,2.684,152.912,70.318,12.06,99.08520,1.270
22/07/2009 12:00,5.605,143.335,60.893,13.34,244.95400,1.016
22/07/2009 13:00,6.208,139.758,58.389,22.14,306.53100,0.000
22/07/2009 14:00,6.317,162.907,62.568,14.76,245.89900,0.000
22/07/2009 15:00,5.585,160.588,69.402,13.98,166.15300,0.000
22/07/2009 16:00,5.079,171.989,75.562,13.02,111.22800,0.000
22/07/2009 17:00,5.555,218.104,77.522,12.75,59.05270,0.000
22/07/2009 18:00,5.767,188.549,78.799,12.65,12.94360,0.000
22/07/2009 19:00,5.088,157.764,79.312,12.22,0.00000,0.000
22/07/2009 20:00,6.353,165.099,78.879,12.07,0.43868,0.000
22/07/2009 21:00,5.345,152.555,77.945,11.94,0.00000,0.000
22/07/2009 22:00,5.325,210.011,78.585,12.22,0.00000,0.000
22/07/2009 23:00,6.144,181.385,77.243,11.70,0.00000,0.000
23/07/2009 00:00,5.540,186.753,77.381,11.85,0.00000,0.000
23/07/2009 01:00,7.007,190.615,77.415,11.43,0.00000,0.000
23/07/2009 02:00,6.133,162.258,68.222,10.90,0.50000,0.000
23/07/2009 03:00,8.086,152.418,74.005,10.88,4.50000,0.000
23/07/2009 04:00,7.544,157.440,74.645,16.21,45.65103,0.000
23/07/2009 05:00,9.560,141.236,77.479,11.17,136.85920,0.000
23/07/2009 06:00,9.240,147.835,79.272,11.58,245.12000,0.000
23/07/2009 07:00,6.060,159.451,77.718,12.39,210.06800,0.000
23/07/2009 08:00,2.934,146.555,71.113,11.54,130.02000,0.254
23/07/2009 09:00,6.742,149.995,56.891,10.82,106.15200,0.254
23/07/2009 10:00,6.197,155.214,66.724,10.89,124.21300,1.270
23/07/2009 11:00,5.968,166.918,76.592,11.86,236.02000,0.254
23/07/2009 12:00,4.322,187.868,76.989,12.46,368.25000,0.508
23/07/2009 13:00,4.487,151.907,74.760,12.34,335.16200,0.254
23/07/2009 14:00,5.532,175.412,74.158,13.07,503.99800,0.254
23/07/2009 15:00,5.649,152.516,77.078,18.02,75.11400,4.826
23/07/2009 16:00,3.420,154.099,76.227,12.06,12.30210,1.270
23/07/2009 17:00,4.328,135.242,77.220,10.88,5.70288,8.382
23/07/2009 18:00,3.911,130.434,77.909,10.24,2.82551,2.286
23/07/2009 19:00,4.082,274.549,74.480,9.61,0.43868,0.000
23/07/2009 20:00,0.704,144.780,69.369,13.04,0.00000,0.000
23/07/2009 21:00,0.000,154.363,69.714,8.59,0.50000,0.000
23/07/2009 22:00,0.201,202.626,72.180,8.59,0.00000,0.000
23/07/2009 23:00,0.017,173.621,73.487,8.40,0.43868,0.000
24/07/2009 00:00,0.469,211.511,72.836,11.78,0.00000,0.000
24/07/2009 01:00,0.922,241.077,67.521,7.90,0.00000,0.000
24/07/2009 02:00,1.456,229.038,69.969,11.36,0.00000,0.000
24/07/2009 03:00,2.498,282.423,79.173,8.30,3.00000,0.000
24/07/2009 04:00,1.213,108.527,76.461,8.59,12.26420,0.000
24/07/2009 05:00,0.617,173.495,75.907,10.01,150.43420,0.000
24/07/2009 06:00,2.230,126.599,69.628,12.37,387.50200,0.000
24/07/2009 07:00,1.945,91.621,65.718,13.75,584.97600,0.000
24/07/2009 08:00,1.576,98.390,65.736,14.94,782.18500,0.000
24/07/2009 09:00,2.193,159.808,58.579,15.92,871.98800,0.000
24/07/2009 10:00,2.182,179.736,54.251,15.54,639.82000,0.000
24/07/2009 11:00,1.847,246.907,61.691,16.24,813.23200,0.000
24/07/2009 12:00,1.754,122.819,50.456,16.91,1012.15000,0.000
24/07/2009 13:00,2.833,192.198,56.845,16.18,823.64800,0.000
24/07/2009 14:00,0.754,243.896,72.263,13.96,425.85500,0.000
24/07/2009 15:00,1.087,92.929,69.503,10.85,62.33100,0.000
24/07/2009 16:00,1.615,99.236,67.236,8.56,9.37737,3.302
24/07/2009 17:00,0.017,115.648,66.185,7.79,9.35390,3.556
24/07/2009 18:00,0.500,146.027,67.181,7.72,1.63210,2.540
24/07/2009 19:00,0.936,221.313,65.968,6.86,0.00000,1.270
24/07/2009 20:00,0.788,299.016,65.708,6.81,0.43868,1.270
24/07/2009 21:00,1.469,211.786,71.926,6.18,0.43868,1.016
24/07/2009 22:00,1.495,121.346,78.356,5.28,0.00000,0.000
24/07/2009 23:00,0.684,71.736,83.815,5.30,0.00000,0.000
25/07/2009 00:00,1.917,136.797,85.397,4.60,0.00000,0.000
25/07/2009 01:00,0.972,157.912,54.653,4.18,0.00000,0.000
25/07/2009 02:00,0.751,166.126,11.501,3.68,0.00000,0.000
25/07/2009 03:00,1.039,105.401,11.449,3.30,2.00000,0.000
25/07/2009 04:00,1.693,139.121,11.449,3.02,30.00946,0.000
25/07/2009 05:00,1.425,73.923,11.449,3.02,158.35430,0.000
25/07/2009 06:00,1.093,83.115,11.449,4.37,246.10600,0.254
25/07/2009 07:00,0.620,83.006,11.449,5.59,572.97900,0.000
25/07/2009 08:00,1.676,97.495,50.449,8.32,933.27200,0.000
25/07/2009 09:00,2.313,96.951,77.878,9.57,677.78200,0.000
25/07/2009 10:00,2.152,69.506,73.425,10.44,815.70700,0.000
25/07/2009 11:00,1.509,89.769,73.796,11.55,1042.55000,0.000
25/07/2009 12:00,1.945,92.901,70.746,10.73,983.12000,0.000
25/07/2009 13:00,2.598,203.379,71.386,10.36,874.89500,0.000
25/07/2009 14:00,1.495,80.396,72.775,9.66,738.34700,0.000
25/07/2009 15:00,0.654,124.775,78.073,8.75,353.49600,0.000
25/07/2009 16:00,0.587,137.099,79.386,7.21,47.03830,0.000
25/07/2009 17:00,0.067,152.780,79.926,6.18,22.96250,0.000
25/07/2009 18:00,0.000,213.505,80.564,5.54,8.22180,0.000
25/07/2009 19:00,0.050,255.451,80.304,4.81,0.00000,0.000
25/07/2009 20:00,0.517,246.346,79.373,5.09,0.00000,0.000
25/07/2009 21:00,1.344,204.615,78.664,6.09,0.00000,0.000
25/07/2009 22:00,0.500,235.407,74.012,5.84,0.43868,0.000
25/07/2009 23:00,1.123,235.802,73.484,6.34,0.81605,0.000
26/07/2009 00:00,0.319,218.258,76.902,5.56,0.50000,0.000
26/07/2009 01:00,0.500,214.286,75.000,5.84,0.00000,0.000
26/07/2009 02:00,1.207,228.412,73.872,5.55,0.43868,0.000
26/07/2009 03:00,0.352,235.082,60.414,5.92,3.50000,0.000
26/07/2009 04:00,0.838,199.423,35.997,7.59,14.39630,0.000
26/07/2009 05:00,1.509,209.451,31.001,10.02,173.67940,0.000
26/07/2009 06:00,3.101,185.830,32.596,12.48,417.51200,0.000
26/07/2009 07:00,3.132,198.505,29.704,13.30,591.00400,0.000
26/07/2009 08:00,3.154,168.440,40.491,13.46,734.93000,0.000
26/07/2009 09:00,2.163,103.044,47.439,14.50,846.53500,0.000
26/07/2009 10:00,1.559,26.637,55.897,15.23,903.28100,0.000
26/07/2009 11:00,2.230,27.808,52.079,15.68,915.10200,0.000
26/07/2009 12:00,1.056,27.725,54.177,16.02,897.83800,0.000
26/07/2009 13:00,0.603,202.220,54.634,16.70,829.75300,0.000
26/07/2009 14:00,1.106,276.890,52.320,15.62,702.22400,0.000
26/07/2009 15:00,0.905,234.929,53.146,14.18,327.06200,0.000
26/07/2009 16:00,1.221,208.440,40.609,13.50,29.46250,0.000
26/07/2009 17:00,2.716,197.082,25.202,14.43,22.89180,0.000
26/07/2009 18:00,3.671,194.181,26.260,13.54,11.24070,0.000
26/07/2009 19:00,3.909,215.907,26.012,13.16,0.81605,0.000
26/07/2009 20:00,3.705,195.841,25.634,12.96,0.00000,0.000
26/07/2009 21:00,3.202,188.401,30.301,12.96,0.00000,0.000
26/07/2009 22:00,3.761,174.714,37.567,12.49,0.87737,0.000
26/07/2009 23:00,1.777,167.335,39.032,11.93,0.00000,0.000
27/07/2009 00:00,3.257,206.659,40.405,12.02,0.00000,0.000
27/07/2009 01:00,4.409,187.368,41.282,12.10,0.00000,0.000
27/07/2009 02:00,3.660,207.868,39.050,12.10,0.43868,0.000
27/07/2009 03:00,3.442,208.016,35.170,12.17,2.50000,0.000
27/07/2009 04:00,4.023,163.418,30.625,12.72,12.20288,0.000
27/07/2009 05:00,2.028,168.346,26.391,14.54,169.17000,0.000
27/07/2009 06:00,1.724,160.538,29.635,16.56,413.62500,0.000
27/07/2009 07:00,3.685,170.275,27.698,17.22,585.99500,0.000
27/07/2009 08:00,3.571,160.214,35.725,17.72,729.10500,0.000
27/07/2009 09:00,3.822,190.681,41.529,18.06,838.27100,0.000
27/07/2009 10:00,4.308,182.478,41.961,18.18,741.76200,0.000
27/07/2009 11:00,4.459,198.407,46.319,18.18,777.87300,0.000
27/07/2009 12:00,3.473,203.885,47.424,18.66,974.97600,0.000
27/07/2009 13:00,3.858,159.703,58.338,17.88,919.44100,0.000
27/07/2009 14:00,5.705,179.874,62.954,16.78,795.95200,0.000
27/07/2009 15:00,3.194,180.440,59.227,23.96,372.83600,0.000
27/07/2009 16:00,2.241,258.187,61.308,23.30,74.66100,0.000
27/07/2009 17:00,4.040,191.571,65.004,14.24,30.00040,0.000
27/07/2009 18:00,4.915,173.104,63.565,13.79,6.28310,0.000
27/07/2009 19:00,3.426,170.907,68.368,12.99,0.00000,0.000
27/07/2009 20:00,3.504,204.005,73.031,12.15,0.00000,0.000
27/07/2009 21:00,1.987,175.148,39.445,11.09,0.00000,0.508
27/07/2009 22:00,1.006,202.341,0.620,8.90,0.00000,2.794
27/07/2009 23:00,0.469,156.203,5.827,8.00,0.00000,1.016
28/07/2009 00:00,0.101,114.857,16.741,7.22,0.00000,0.254
28/07/2009 01:00,0.034,132.214,27.342,7.38,0.43868,1.778
28/07/2009 02:00,0.000,171.077,31.421,6.57,0.00000,0.000
28/07/2009 03:00,1.093,177.890,30.340,5.91,1.50000,0.000
28/07/2009 04:00,0.000,199.978,29.233,5.84,17.57078,0.000
28/07/2009 05:00,1.090,163.852,56.358,7.49,160.09460,0.000
28/07/2009 06:00,2.079,87.033,80.777,10.00,372.40800,0.000
28/07/2009 07:00,1.743,49.846,74.654,11.40,562.01400,0.000
28/07/2009 08:00,1.458,23.280,82.117,12.14,714.96300,0.000
28/07/2009 09:00,1.576,38.632,82.691,12.94,854.55400,0.000
28/07/2009 10:00,2.028,41.615,81.408,13.40,975.56500,0.000
28/07/2009 11:00,1.800,51.489,80.563,13.66,983.92000,0.000
28/07/2009 12:00,0.570,237.681,78.765,15.00,936.87600,0.000
28/07/2009 13:00,0.989,103.901,80.976,13.85,342.55100,0.000
28/07/2009 14:00,0.603,156.363,81.712,12.50,585.66700,0.000
28/07/2009 15:00,0.536,201.753,80.493,11.76,107.81300,0.000
28/07/2009 16:00,0.319,273.604,80.414,11.90,38.26460,0.000
28/07/2009 17:00,0.302,247.005,78.441,11.21,19.32100,0.000
28/07/2009 18:00,0.584,229.709,61.240,10.62,6.34440,0.000
28/07/2009 19:00,1.777,205.264,34.159,11.68,0.43868,0.000
28/07/2009 20:00,2.227,192.681,18.572,12.49,0.00000,0.000
28/07/2009 21:00,2.437,172.137,16.614,12.62,0.00000,0.000
28/07/2009 22:00,1.945,213.511,18.712,12.42,0.00000,0.000
28/07/2009 23:00,1.523,197.038,21.971,12.19,0.00000,0.000
29/07/2009 00:00,0.905,196.956,24.210,11.78,0.00000,0.000
29/07/2009 01:00,1.690,212.198,23.859,11.66,0.87737,0.000
29/07/2009 02:00,2.696,208.879,23.555,12.06,0.43868,0.000
29/07/2009 03:00,3.571,205.198,25.465,11.44,1.93868,0.000
29/07/2009 04:00,4.074,206.769,32.933,11.51,11.94815,0.000
29/07/2009 05:00,3.520,223.555,36.629,12.12,164.04730,0.000
29/07/2009 06:00,3.881,179.082,39.914,14.74,403.97400,0.000
29/07/2009 07:00,1.542,186.495,41.794,16.10,572.70200,0.000
29/07/2009 08:00,2.548,195.890,42.891,16.36,714.89300,0.000
29/07/2009 09:00,3.034,161.297,45.587,16.58,824.46900,0.000
29/07/2009 10:00,3.015,179.824,39.373,17.60,897.23400,0.000
29/07/2009 11:00,2.903,210.533,31.784,19.15,919.04100,0.000
29/07/2009 12:00,1.123,107.467,30.886,19.83,891.60200,0.000
29/07/2009 13:00,1.911,137.736,32.396,19.33,814.45100,0.000
29/07/2009 14:00,0.922,45.176,31.723,18.64,690.17600,0.000
29/07/2009 15:00,0.573,170.280,31.538,17.27,324.03400,0.000
29/07/2009 16:00,0.654,273.319,41.078,16.24,30.33990,0.000
29/07/2009 17:00,0.721,234.610,43.580,15.00,19.44360,0.000
29/07/2009 18:00,1.327,240.313,45.794,14.42,6.78310,0.000
29/07/2009 19:00,1.824,235.918,51.030,13.90,0.43868,0.000
29/07/2009 20:00,3.369,232.901,51.688,13.93,0.87737,0.000
29/07/2009 21:00,4.057,218.330,52.374,14.04,0.43868,0.000
29/07/2009 22:00,2.816,179.352,53.994,14.26,0.00000,0.000
29/07/2009 23:00,3.668,186.764,53.644,13.72,0.43868,0.000
30/07/2009 00:00,4.124,193.071,56.567,13.42,0.43868,0.000
30/07/2009 01:00,4.342,186.648,58.830,12.80,0.43868,0.000
30/07/2009 02:00,2.641,224.659,65.001,11.19,0.00000,0.000
30/07/2009 03:00,0.601,227.802,73.746,10.14,2.37737,0.000
30/07/2009 04:00,0.707,244.918,76.448,9.47,27.94815,0.000
30/07/2009 05:00,0.486,189.577,75.803,10.66,161.01930,0.000
30/07/2009 06:00,1.073,96.648,75.284,12.49,369.15300,0.000
30/07/2009 07:00,1.878,53.060,72.425,13.42,537.59800,0.000
30/07/2009 08:00,1.391,21.764,71.915,14.86,699.81700,0.000
30/07/2009 09:00,1.746,36.137,74.449,14.68,610.22400,0.000
30/07/2009 10:00,0.905,31.912,78.648,14.04,723.93400,0.000
30/07/2009 11:00,1.629,17.841,75.349,14.92,783.00800,0.000
30/07/2009 12:00,0.872,55.214,75.909,15.20,916.23500,0.000
30/07/2009 13:00,1.914,24.445,75.707,15.02,806.71500,0.000
30/07/2009 14:00,0.687,38.038,77.533,13.82,598.14800,0.000
30/07/2009 15:00,0.905,121.445,71.465,12.40,82.62340,0.000
30/07/2009 16:00,0.000,284.308,56.128,11.04,74.31190,0.000
30/07/2009 17:00,0.570,267.549,28.481,9.93,41.39220,0.000
30/07/2009 18:00,0.637,204.038,16.393,9.16,3.58025,0.000
30/07/2009 19:00,0.000,202.225,20.279,8.75,0.00000,0.000
30/07/2009 20:00,0.000,200.264,25.041,8.43,0.00000,0.000
30/07/2009 21:00,0.000,220.115,29.185,8.20,0.00000,0.000
30/07/2009 22:00,0.536,249.148,25.003,7.68,0.00000,0.000
30/07/2009 23:00,0.838,214.841,32.590,8.39,0.43868,0.000
31/07/2009 00:00,0.017,216.764,29.012,7.22,0.43868,0.000
31/07/2009 01:00,0.034,239.022,45.130,8.10,1.25473,0.000
31/07/2009 02:00,0.251,205.868,45.962,8.16,0.87737,0.000
31/07/2009 03:00,1.151,211.956,25.501,8.48,1.50000,0.000
31/07/2009 04:00,2.732,181.319,41.218,10.94,27.38683,0.000
31/07/2009 05:00,1.777,181.352,48.808,11.95,128.00990,0.000
31/07/2009 06:00,1.878,172.571,49.633,13.68,285.78500,0.000
31/07/2009 07:00,3.031,203.297,57.259,14.41,485.89000,0.000
31/07/2009 08:00,2.950,189.242,57.451,15.27,700.57200,0.000
31/07/2009 09:00,3.160,219.505,60.155,15.76,773.66700,0.000
31/07/2009 10:00,5.579,135.264,62.648,14.82,225.03000,0.000
31/07/2009 11:00,4.311,129.533,62.712,15.44,297.58700,0.000
31/07/2009 12:00,1.964,70.484,64.585,16.48,897.08300,0.000
31/07/2009 13:00,0.553,32.159,70.043,17.30,836.27200,0.000
31/07/2009 14:00,0.654,69.236,72.097,15.81,585.40300,0.000
31/07/2009 15:00,0.503,158.516,74.470,14.46,310.25800,0.000
31/07/2009 16:00,0.134,272.049,73.478,13.58,164.66200,0.000
31/07/2009 17:00,0.500,236.951,72.808,13.16,74.58600,0.000
31/07/2009 18:00,3.095,229.802,73.849,13.46,11.43420,0.000
31/07/2009 19:00,4.208,205.588,71.509,12.48,1.31605,0.000
31/07/2009 20:00,3.872,204.516,71.149,12.31,0.00000,0.000
31/07/2009 21:00,2.975,139.264,68.393,12.09,0.43868,0.000
31/07/2009 22:00,3.269,155.758,68.796,11.74,1.31605,0.000
31/07/2009 23:00,1.626,180.143,65.797,11.44,0.00000,0.000
01/08/2009 00:00,3.668,208.291,64.640,11.46,0.00000,0.000
01/08/2009 01:00,4.392,187.000,67.555,11.08,0.00000,0.000
01/08/2009 02:00,3.442,185.632,70.786,10.98,0.00000,0.000
01/08/2009 03:00,3.289,173.236,72.519,10.86,2.00000,0.000
01/08/2009 04:00,2.867,197.335,73.177,10.60,19.44815,0.000
01/08/2009 05:00,3.302,177.440,73.454,11.13,161.59460,0.000
01/08/2009 06:00,4.291,192.780,70.903,12.96,375.15300,0.000
01/08/2009 07:00,3.286,169.780,66.376,14.14,544.32000,0.000
01/08/2009 08:00,3.743,144.846,67.469,15.44,679.79800,0.000
01/08/2009 09:00,6.434,125.934,63.741,16.43,763.08200,0.000
01/08/2009 10:00,6.722,127.742,59.729,16.28,858.68600,0.000
01/08/2009 11:00,5.901,125.945,59.922,16.26,538.90400,0.000
01/08/2009 12:00,4.831,135.956,60.432,15.53,397.05800,0.000
01/08/2009 13:00,5.370,150.352,57.831,16.29,257.10700,0.000
01/08/2009 14:00,4.694,148.852,59.294,15.58,315.77500,0.000
01/08/2009 15:00,3.386,161.764,60.049,15.51,233.02100,0.000
01/08/2009 16:00,4.096,152.791,63.112,15.08,139.65800,0.000
01/08/2009 17:00,3.584,167.423,65.576,14.46,34.40620,0.000
01/08/2009 18:00,3.973,167.462,67.601,13.48,5.96710,0.000
01/08/2009 19:00,2.621,168.813,64.983,12.58,0.00000,0.000
01/08/2009 20:00,2.495,152.473,65.862,11.94,0.00000,0.000
01/08/2009 21:00,3.601,152.335,68.222,12.32,0.00000,0.000
01/08/2009 22:00,3.219,138.154,68.977,12.20,0.43868,0.000
01/08/2009 23:00,3.654,144.176,70.520,11.88,1.25473,0.000
02/08/2009 00:00,4.132,142.121,68.900,11.88,0.00000,0.000
02/08/2009 01:00,7.181,134.588,68.976,11.31,0.00000,0.000
02/08/2009 02:00,2.920,153.242,69.233,11.22,0.00000,0.000
02/08/2009 03:00,3.048,145.758,67.464,10.34,0.93868,0.000
02/08/2009 04:00,2.892,152.165,69.407,10.50,63.87737,0.000
02/08/2009 05:00,2.679,138.791,69.207,10.91,77.99200,0.000
02/08/2009 06:00,2.738,136.742,64.725,9.78,36.86340,7.112
02/08/2009 07:00,4.732,184.214,67.419,8.52,79.52880,2.032
02/08/2009 08:00,6.845,191.599,69.616,8.29,99.39700,0.508
02/08/2009 09:00,5.850,169.324,70.919,8.50,124.58110,0.000
02/08/2009 10:00,4.043,185.868,68.521,8.73,202.20400,0.000
02/08/2009 11:00,3.353,213.379,69.411,8.28,248.09700,0.254
02/08/2009 12:00,2.347,139.324,68.056,10.41,586.77600,0.000
02/08/2009 13:00,1.780,106.698,68.032,11.85,885.67800,0.254
02/08/2009 14:00,1.565,171.451,60.304,10.78,658.20500,0.000
02/08/2009 15:00,0.486,63.050,38.791,10.08,343.59900,0.000
02/08/2009 16:00,1.009,133.890,13.254,8.34,105.13300,0.000
02/08/2009 17:00,0.034,112.951,8.872,8.07,46.62800,0.000
02/08/2009 18:00,0.922,139.566,15.005,7.39,10.24070,0.000
02/08/2009 19:00,0.000,215.874,22.461,7.00,0.00000,0.000
02/08/2009 20:00,0.084,224.654,33.005,6.84,1.25473,0.000
02/08/2009 21:00,0.168,222.753,42.798,6.85,0.00000,0.000
02/08/2009 22:00,0.000,226.489,48.231,6.74,2.00000,0.254
02/08/2009 23:00,0.000,219.027,37.352,6.52,0.81605,0.000
03/08/2009 00:00,0.506,227.934,15.611,6.40,0.00000,0.000
03/08/2009 01:00,0.000,204.005,15.611,6.28,0.43868,0.000
03/08/2009 02:00,0.000,176.000,15.611,6.21,0.43868,0.000
03/08/2009 03:00,0.000,176.352,15.611,5.90,0.43868,0.000
03/08/2009 04:00,0.000,176.000,15.611,5.92,6.50000,0.000
03/08/2009 05:00,0.050,106.203,15.611,6.16,48.03790,0.254
03/08/2009 06:00,0.034,42.604,15.611,6.88,78.33090,0.000
03/08/2009 07:00,0.084,25.582,15.611,6.70,99.19880,0.762
03/08/2009 08:00,0.905,180.104,15.611,6.60,201.13300,0.254
03/08/2009 09:00,1.263,82.319,15.611,6.45,195.21900,1.016
03/08/2009 10:00,0.486,51.187,15.611,6.18,109.57700,0.000
03/08/2009 11:00,2.045,41.571,15.611,6.13,118.75550,0.508
03/08/2009 12:00,0.972,136.736,15.611,6.68,225.67600,0.000
03/08/2009 13:00,0.986,124.676,15.611,6.24,142.81300,0.000
03/08/2009 14:00,2.028,154.615,15.611,5.27,131.35920,0.000
03/08/2009 15:00,1.442,178.121,15.611,5.46,143.48300,0.000
03/08/2009 16:00,0.771,131.725,15.611,5.43,79.85920,0.000
03/08/2009 17:00,0.939,120.154,15.611,5.00,42.74110,0.000
03/08/2009 18:00,0.335,175.720,15.611,4.68,12.18890,0.000
03/08/2009 19:00,0.872,187.176,15.611,4.38,1.19341,0.000
03/08/2009 20:00,0.888,152.868,15.611,3.95,0.81605,0.000
03/08/2009 21:00,0.168,126.011,15.611,3.50,0.43868,0.000
03/08/2009 22:00,0.319,196.676,15.611,3.19,0.50000,0.000
03/08/2009 23:00,0.000,182.819,15.611,3.04,1.69341,0.000
04/08/2009 00:00,0.000,142.692,15.611,3.18,0.00000,0.000
04/08/2009 01:00,0.168,197.995,15.611,3.00,0.00000,0.000
04/08/2009 02:00,0.034,179.758,15.611,2.70,0.00000,0.000
04/08/2009 03:00,0.050,210.330,15.611,2.25,0.00000,0.000
04/08/2009 04:00,0.000,237.945,15.611,2.62,12.87737,0.000
04/08/2009 05:00,0.000,144.187,15.611,3.52,122.81150,0.000
04/08/2009 06:00,1.039,49.165,15.611,6.09,420.00300,0.000
04/08/2009 07:00,2.045,44.456,40.611,8.09,615.68800,0.000
04/08/2009 08:00,2.565,36.198,81.844,9.67,756.07200,0.000
04/08/2009 09:00,3.051,43.934,74.705,10.68,850.77100,0.000
04/08/2009 10:00,2.517,54.560,77.151,11.25,935.07400,0.000
04/08/2009 11:00,2.582,100.560,76.378,11.86,948.71600,0.000
04/08/2009 12:00,2.031,124.637,73.092,12.04,897.89500,0.000
04/08/2009 13:00,1.224,137.511,73.702,12.06,807.19600,0.000
04/08/2009 14:00,1.241,143.038,75.757,11.54,686.14800,0.000
04/08/2009 15:00,0.768,181.555,78.358,10.08,92.33600,0.000
04/08/2009 16:00,0.922,164.082,78.599,9.42,31.33990,0.000
04/08/2009 17:00,0.000,165.709,72.561,8.51,19.69840,0.000
04/08/2009 18:00,0.785,236.308,70.092,7.68,6.90580,0.000
04/08/2009 19:00,1.157,240.659,76.824,7.85,0.43868,0.000
04/08/2009 20:00,0.017,222.544,78.324,7.90,1.19341,0.000
04/08/2009 21:00,0.117,236.791,74.625,8.33,0.00000,0.000
04/08/2009 22:00,0.419,231.027,74.760,8.32,1.50000,0.000
04/08/2009 23:00,0.000,204.835,79.073,7.51,0.43868,0.000
05/08/2009 00:00,0.386,204.835,77.614,8.08,0.00000,0.000
05/08/2009 01:00,0.335,205.742,73.777,7.54,0.00000,0.000
05/08/2009 02:00,0.517,205.632,65.494,7.93,0.87737,0.000
05/08/2009 03:00,1.039,207.148,58.445,8.86,1.50000,0.000
05/08/2009 04:00,0.838,196.945,51.731,9.24,10.57078,0.000
05/08/2009 05:00,0.235,155.549,43.696,11.30,163.36340,0.000
05/08/2009 06:00,0.939,114.104,36.245,13.89,391.70100,0.000
05/08/2009 07:00,1.056,78.764,48.291,14.84,551.45700,0.000
05/08/2009 08:00,1.341,50.571,50.770,15.72,711.06200,0.000
05/08/2009 09:00,1.257,42.319,54.833,17.10,835.01600,0.000
05/08/2009 10:00,1.542,184.918,58.583,17.69,903.24400,0.000
05/08/2009 11:00,1.391,25.429,58.309,17.72,922.37600,0.000
05/08/2009 12:00,1.576,36.912,60.211,17.13,875.84800,0.000
05/08/2009 13:00,0.503,29.313,61.927,16.69,785.36600,0.000
05/08/2009 14:00,0.620,47.159,61.137,15.57,666.12000,0.000
05/08/2009 15:00,0.972,101.407,65.133,14.86,309.39700,0.000
05/08/2009 16:00,0.168,209.962,66.434,13.66,25.89180,0.000
05/08/2009 17:00,0.201,240.703,68.731,12.67,15.49550,0.000
05/08/2009 18:00,0.000,240.352,69.945,12.10,4.71235,0.000
05/08/2009 19:00,0.986,232.500,65.566,12.68,0.00000,0.000
05/08/2009 20:00,2.629,211.973,53.713,12.85,0.43868,0.000
05/08/2009 21:00,3.154,211.275,38.413,13.50,0.93868,0.000
05/08/2009 22:00,2.548,210.489,33.483,13.54,0.00000,0.000
05/08/2009 23:00,2.531,204.890,33.643,13.08,0.00000,0.000
06/08/2009 00:00,1.878,209.962,30.712,13.00,0.00000,0.000
06/08/2009 01:00,1.710,213.352,24.260,12.60,0.00000,0.000
06/08/2009 02:00,1.277,231.176,22.834,12.52,0.00000,0.000
06/08/2009 03:00,0.034,254.242,32.619,11.78,1.00000,0.000
06/08/2009 04:00,0.000,270.593,32.511,12.04,8.50000,0.000
06/08/2009 05:00,0.000,193.593,24.599,14.07,154.42470,0.000
06/08/2009 06:00,0.050,88.071,30.198,16.38,381.41800,0.000
06/08/2009 07:00,1.324,56.088,40.788,16.44,556.15500,0.000
06/08/2009 08:00,1.928,41.890,45.788,16.59,699.27400,0.000
06/08/2009 09:00,2.646,24.060,46.517,17.29,815.95000,0.000
06/08/2009 10:00,2.534,31.599,44.686,26.70,884.95100,0.000
06/08/2009 11:00,1.408,29.187,43.582,18.81,900.31000,0.000
06/08/2009 12:00,1.106,179.973,44.366,18.64,867.29100,0.000
06/08/2009 13:00,1.394,99.736,45.548,18.36,785.37500,0.000
06/08/2009 14:00,0.285,152.214,50.457,17.80,658.35500,0.000
06/08/2009 15:00,0.134,181.962,52.774,16.18,308.19400,0.000
06/08/2009 16:00,0.084,185.495,59.052,14.65,26.83040,0.000
06/08/2009 17:00,1.106,224.527,62.295,13.84,16.25020,0.000
06/08/2009 18:00,0.251,239.527,62.623,12.93,5.15103,0.000
06/08/2009 19:00,0.718,239.473,58.883,13.14,1.43868,0.000
06/08/2009 20:00,2.146,207.440,49.286,12.54,0.43868,0.000
06/08/2009 21:00,2.464,207.280,38.264,13.32,0.00000,0.000
06/08/2009 22:00,2.149,223.956,37.049,12.98,0.00000,0.000
06/08/2009 23:00,0.738,217.874,37.209,12.57,0.00000,0.000
07/08/2009 00:00,1.673,207.978,39.475,12.45,0.00000,0.000
07/08/2009 01:00,2.062,208.852,39.710,12.19,0.81605,0.000
07/08/2009 02:00,2.565,211.132,41.812,11.90,1.19341,0.000
07/08/2009 03:00,1.719,218.093,42.168,11.78,1.00000,0.000
07/08/2009 04:00,0.017,206.951,46.680,11.58,13.19341,0.000
07/08/2009 05:00,0.285,122.940,50.048,12.77,148.81150,0.000
07/08/2009 06:00,1.372,68.363,53.377,14.87,366.61600,0.000
07/08/2009 07:00,2.082,71.247,51.862,15.30,535.86200,0.000
07/08/2009 08:00,2.425,45.940,51.697,15.94,680.53400,0.000
07/08/2009 09:00,2.380,51.852,52.537,16.96,795.39300,0.000
07/08/2009 10:00,1.743,100.022,49.818,17.85,885.65800,0.000
07/08/2009 11:00,1.006,160.995,53.312,18.95,902.81900,0.000
07/08/2009 12:00,0.821,116.956,51.537,18.19,810.30000,0.000
07/08/2009 13:00,1.763,105.412,53.412,16.78,852.95200,0.000
07/08/2009 14:00,0.302,119.313,56.012,16.21,562.61000,0.000
07/08/2009 15:00,0.989,89.863,63.767,13.78,266.03200,0.000
07/08/2009 16:00,0.788,185.621,72.058,12.84,93.47700,0.000
07/08/2009 17:00,0.285,184.516,73.784,11.92,45.84030,0.000
07/08/2009 18:00,0.319,229.742,72.465,11.15,5.52840,0.000
07/08/2009 19:00,3.336,200.209,74.984,10.88,0.00000,0.000
07/08/2009 20:00,2.702,258.852,73.618,10.86,0.00000,0.254
07/08/2009 21:00,1.414,301.115,73.872,11.08,0.00000,0.254
07/08/2009 22:00,0.000,249.055,75.979,10.24,0.87737,0.000
07/08/2009 23:00,0.034,222.824,72.797,10.54,0.00000,0.000
08/08/2009 00:00,0.704,84.764,38.421,9.89,0.00000,0.000
08/08/2009 01:00,0.000,135.379,13.951,8.97,0.00000,0.000
08/08/2009 02:00,0.319,235.093,40.020,8.88,0.43868,0.000
08/08/2009 03:00,0.738,229.060,49.587,8.89,0.00000,0.000
08/08/2009 04:00,0.000,220.989,49.897,8.78,4.00000,0.000
08/08/2009 05:00,2.238,187.681,68.947,9.16,22.45761,0.000
08/08/2009 06:00,3.808,207.297,77.822,9.82,69.71730,0.254
08/08/2009 07:00,1.710,168.187,75.206,10.52,116.83600,0.000
08/08/2009 08:00,0.838,181.846,77.391,10.28,183.11400,0.000
08/08/2009 09:00,1.710,182.764,77.507,11.31,328.12500,0.000
08/08/2009 10:00,0.922,88.011,62.208,12.40,329.99400,0.000
08/08/2009 11:00,0.687,18.401,48.825,11.36,197.69100,0.000
08/08/2009 12:00,0.050,49.434,32.141,10.88,158.53000,0.000
08/08/2009 13:00,0.520,26.720,30.004,10.11,199.70900,0.000
08/08/2009 14:00,1.204,35.560,48.750,10.64,207.78500,0.000
08/08/2009 15:00,1.291,60.011,35.959,10.58,135.66200,0.000
08/08/2009 16:00,1.006,152.170,26.213,9.76,51.80250,0.000
08/08/2009 17:00,0.000,124.000,37.483,9.05,24.04280,0.000
08/08/2009 18:00,0.000,115.060,44.780,8.91,5.96710,0.000
08/08/2009 19:00,0.956,218.676,59.758,8.39,0.00000,0.000
08/08/2009 20:00,0.623,245.626,75.739,8.60,0.00000,0.000
08/08/2009 21:00,0.000,208.126,75.665,8.27,0.00000,0.000
08/08/2009 22:00,0.017,195.758,80.820,8.68,1.25473,0.000
08/08/2009 23:00,0.000,222.418,81.871,8.88,0.81605,0.000
09/08/2009 00:00,0.517,222.418,81.672,8.74,0.00000,0.000
09/08/2009 01:00,0.821,221.769,82.577,8.73,1.63210,0.000
09/08/2009 02:00,1.274,216.604,81.431,8.51,0.00000,0.000
09/08/2009 03:00,1.760,214.291,80.959,8.98,1.00000,0.000
09/08/2009 04:00,2.230,207.407,82.317,8.74,16.00946,0.000
09/08/2009 05:00,1.710,182.220,80.538,9.98,148.83040,0.000
09/08/2009 06:00,0.637,133.714,77.291,11.32,358.35100,0.000
09/08/2009 07:00,1.961,143.907,73.799,13.32,537.59800,0.000
09/08/2009 08:00,1.375,160.478,67.447,14.86,744.55300,0.000
09/08/2009 09:00,1.869,111.418,67.330,15.74,897.49800,0.000
09/08/2009 10:00,2.182,91.621,71.021,15.14,623.53000,0.000
09/08/2009 11:00,1.059,76.956,71.930,14.59,464.18500,0.000
09/08/2009 12:00,0.738,105.231,76.532,14.10,647.72900,0.000
09/08/2009 13:00,1.126,230.813,72.596,22.80,369.42900,0.000
09/08/2009 14:00,0.486,92.236,75.093,14.88,346.60700,0.000
09/08/2009 15:00,0.741,64.984,80.508,13.54,181.96500,0.000
09/08/2009 16:00,0.017,193.714,81.575,10.75,43.50990,4.572
09/08/2009 17:00,0.000,231.857,79.222,9.08,20.85880,0.000
09/08/2009 18:00,1.827,229.527,75.807,9.62,0.87737,1.016
09/08/2009 19:00,1.394,232.269,64.758,8.36,0.00000,1.778
09/08/2009 20:00,0.536,200.258,62.483,7.68,0.00000,0.000
09/08/2009 21:00,1.168,217.121,77.420,8.25,0.81605,0.254
09/08/2009 22:00,1.880,218.808,82.069,8.80,0.00000,0.000
09/08/2009 23:00,1.394,225.214,82.599,8.62,0.87737,0.000
10/08/2009 00:00,1.972,206.505,81.960,8.64,0.50000,0.000
10/08/2009 01:00,1.981,220.989,73.498,8.49,0.00000,0.000
10/08/2009 02:00,1.056,227.330,72.526,8.16,0.50000,0.000
10/08/2009 03:00,1.652,224.423,77.188,9.12,0.43868,0.000
10/08/2009 04:00,0.654,233.687,76.984,8.67,10.93868,0.000
10/08/2009 05:00,0.319,186.005,71.840,10.18,111.43420,0.000
10/08/2009 06:00,0.034,146.571,74.251,10.92,197.20900,0.000
10/08/2009 07:00,0.084,138.791,75.840,11.15,495.97300,0.000
10/08/2009 08:00,1.657,166.896,78.666,11.45,520.69500,0.000
10/08/2009 09:00,1.713,204.637,80.021,10.52,266.28600,0.000
10/08/2009 10:00,2.713,204.632,75.902,12.52,624.67200,0.000
10/08/2009 11:00,2.369,221.385,68.062,14.44,832.80100,0.000
10/08/2009 12:00,3.059,173.747,71.895,12.84,392.73900,0.254
10/08/2009 13:00,2.473,135.000,79.205,10.92,316.88100,0.000
10/08/2009 14:00,0.721,41.539,64.539,10.66,150.44600,0.254
10/08/2009 15:00,1.123,100.731,49.081,9.44,46.23620,0.508
10/08/2009 16:00,0.067,142.615,53.510,9.42,36.84480,1.016
10/08/2009 17:00,0.218,126.033,60.928,8.80,9.66050,2.032
10/08/2009 18:00,0.620,89.929,69.203,8.35,2.82551,1.016
10/08/2009 19:00,0.017,125.352,74.573,8.01,0.00000,0.762
10/08/2009 20:00,0.285,157.923,78.967,8.05,0.00000,0.254
10/08/2009 21:00,0.117,177.060,81.522,7.66,0.43868,0.000
10/08/2009 22:00,0.000,138.956,81.083,7.52,0.43868,0.000
10/08/2009 23:00,0.550,153.720,80.929,7.46,0.00000,0.000
11/08/2009 00:00,0.084,182.621,80.348,7.24,2.81605,0.000
11/08/2009 01:00,0.500,197.593,80.633,7.12,0.87737,0.000
11/08/2009 02:00,0.808,166.769,79.868,6.82,0.43868,0.000
11/08/2009 03:00,0.000,165.797,80.505,6.87,0.43868,0.000
11/08/2009 04:00,0.500,188.253,80.006,6.90,17.81605,0.000
11/08/2009 05:00,0.872,214.808,79.185,6.76,43.97200,0.000
11/08/2009 06:00,0.017,119.703,70.531,7.50,136.56170,0.000
11/08/2009 07:00,1.335,36.769,75.070,9.94,516.68200,0.000
11/08/2009 08:00,2.582,20.824,78.840,11.68,748.07200,0.000
11/08/2009 09:00,2.263,38.390,79.541,12.79,818.50700,0.000
11/08/2009 10:00,2.045,53.720,67.837,14.04,867.83300,0.000
11/08/2009 11:00,1.696,96.995,67.689,14.31,888.28100,0.000
11/08/2009 12:00,0.469,99.451,62.508,14.82,854.00800,0.000
11/08/2009 13:00,0.503,88.319,62.256,14.36,770.34700,0.000
11/08/2009 14:00,0.942,159.962,72.641,12.88,650.30800,0.000
11/08/2009 15:00,0.268,154.187,78.260,12.02,395.93900,0.000
11/08/2009 16:00,0.486,163.357,82.927,11.26,155.18100,0.000
11/08/2009 17:00,0.738,218.324,86.470,9.73,56.84500,0.000
11/08/2009 18:00,0.000,235.275,87.695,8.92,5.15103,0.000
11/08/2009 19:00,0.000,218.879,87.418,8.73,0.00000,0.000
11/08/2009 20:00,0.000,213.275,86.188,8.88,0.87737,0.000
11/08/2009 21:00,0.972,217.071,82.505,9.18,0.00000,0.000
11/08/2009 22:00,0.520,233.214,81.325,9.26,0.00000,0.000
11/08/2009 23:00,0.821,238.275,83.280,8.90,0.43868,0.000
12/08/2009 00:00,0.500,220.005,83.340,8.14,0.00000,0.000
12/08/2009 01:00,1.224,203.110,78.187,8.80,0.43868,0.000
12/08/2009 02:00,0.184,225.896,75.844,9.09,0.43868,0.000
12/08/2009 03:00,0.888,238.324,80.088,11.74,0.43868,0.000
12/08/2009 04:00,0.992,232.720,82.961,11.96,8.87737,0.000
12/08/2009 05:00,0.000,168.214,82.316,9.03,141.04730,0.000
12/08/2009 06:00,0.939,64.610,80.273,11.29,361.46500,0.000
12/08/2009 07:00,1.894,41.604,81.816,11.92,539.36200,0.000
12/08/2009 08:00,1.458,51.940,76.516,12.74,682.55300,0.000
12/08/2009 09:00,1.411,44.319,74.841,13.94,793.88400,0.000
12/08/2009 10:00,1.743,41.462,73.923,15.29,863.14900,0.000
12/08/2009 11:00,1.995,69.517,69.257,15.62,883.51700,0.000
12/08/2009 12:00,2.732,52.264,66.412,1.00,847.98900,0.000
